SITE_ID,first_DATEON,last_DATEOFF,network
CAD150,2000-01-04,2026-01-27,CASTNET
CAN407,2000-01-04,2026-01-20,CASTNET
CAT175,2000-01-04,2025-08-26,CASTNET
WSP144,2000-01-04,2026-01-13,CASTNET
CON186,2003-06-17,2011-01-04,CASTNET
KNZ184,2002-03-26,2026-01-27,CASTNET
KVA428,2004-06-29,2005-08-09,CASTNET
OXF122,2000-01-04,2026-01-27,CASTNET
ANA115,2000-01-04,2022-05-10,CASTNET
HOW132,2000-01-04,2012-10-30,CASTNET
EVE419,2000-01-04,2026-01-27,CASTNET
CDR119,2000-01-04,2022-05-10,CASTNET
PNF126,2000-01-04,2022-05-03,CASTNET
WNC429,2004-03-23,2022-12-27,CASTNET
MAR013,2025-10-14,2026-01-27,CASTNET
SEK402,2000-01-04,2005-01-04,CASTNET
ROM406,2000-01-04,2026-01-27,CASTNET
GLR468,2000-01-04,2026-01-27,CASTNET
BAS601,2012-10-30,2025-04-08,CASTNET
GAS153,2000-01-04,2026-01-27,CASTNET
CTH110,2000-01-04,2026-01-27,CASTNET
COW005,2014-11-18,2016-08-09,CASTNET
NIC001,2012-11-27,2026-01-27,CASTNET
VPI120,2000-01-04,2026-01-27,CASTNET
SAN189,2006-07-11,2024-04-30,CASTNET
DIN431,2014-06-10,2026-01-20,CASTNET
PIN414,2000-01-04,2026-01-27,CASTNET
HOW191,2011-09-27,2018-12-04,CASTNET
IRL141,2001-07-03,2026-01-27,CASTNET
BFT142,2000-01-04,2026-01-20,CASTNET
ALB801,2019-11-05,2026-01-27,CASTNET
SAN192,2024-06-04,2026-01-27,CASTNET
VIN140,2000-01-04,2026-01-20,CASTNET
UVL124,2000-01-04,2026-01-20,CASTNET
WFM105,2012-11-20,2026-01-20,CASTNET
PRK134,2000-01-04,2026-01-20,CASTNET
HOX148,2000-10-31,2026-01-27,CASTNET
MCK231,2000-01-04,2026-01-27,CASTNET
CHE185,2002-04-02,2026-01-27,CASTNET
JOT403,2000-01-04,2026-01-27,CASTNET
WFM007,2015-06-02,2017-10-03,CASTNET
DUK008,2017-05-02,2026-01-27,CASTNET
DEN417,2000-01-04,2026-01-27,CASTNET
ASH235,2000-01-04,2001-07-31,CASTNET
KEF112,2000-01-04,2026-01-27,CASTNET
ACA416,2000-01-04,2026-01-27,CASTNET
CNS011,2024-09-03,2026-01-27,CASTNET
SUM156,2000-01-04,2026-01-20,CASTNET
ARE128,2000-01-04,2026-01-27,CASTNET
SND152,2000-01-04,2026-01-27,CASTNET
ROM206,2001-06-26,2026-01-27,CASTNET
THR422,2000-01-04,2026-01-27,CASTNET
DCP114,2000-01-04,2022-05-10,CASTNET
PED108,2000-01-04,2026-01-27,CASTNET
GTH161,2000-01-04,2026-01-27,CASTNET
YOS404,2000-01-04,2026-01-27,CASTNET
KIC003,2014-02-18,2023-07-11,CASTNET
ALC188,2004-03-30,2026-01-27,CASTNET
UND002,2012-11-13,2022-05-03,CASTNET
EGB181,2000-01-04,2026-01-27,CASTNET
GRS420,2000-01-04,2026-01-27,CASTNET
MCK131,2000-01-04,2026-01-27,CASTNET
GRB411,2000-01-04,2026-01-27,CASTNET
HAS012,2024-11-12,2026-01-27,CASTNET
WST109,2000-01-04,2026-01-27,CASTNET
MEV405,2000-01-04,2026-01-27,CASTNET
POF425,2000-01-04,2004-01-06,CASTNET
BEL116,2000-01-04,2026-01-20,CASTNET
RED004,2014-08-19,2026-01-27,CASTNET
PAR107,2000-01-04,2026-01-27,CASTNET
PET427,2002-09-24,2024-01-02,CASTNET
HWF187,2002-05-28,2022-05-03,CASTNET
CHA467,2000-01-04,2026-01-27,CASTNET
VOY413,2000-01-04,2026-01-27,CASTNET
PSU106,2000-01-04,2022-05-10,CASTNET
CND125,2000-01-04,2026-01-27,CASTNET
NEC602,2012-11-06,2025-04-15,CASTNET
NCS415,2000-01-04,2008-01-01,CASTNET
QAK172,2000-01-04,2026-01-27,CASTNET
SHE604,2012-11-06,2025-04-08,CASTNET
PAL190,2007-04-24,2026-01-27,CASTNET
CNT169,2000-01-04,2026-01-27,CASTNET
ESP127,2000-01-04,2026-01-27,CASTNET
CKT136,2000-01-04,2026-01-20,CASTNET
LRL117,2000-01-04,2026-01-27,CASTNET
CVL151,2000-01-04,2026-01-20,CASTNET
SHN418,2000-01-04,2026-01-20,CASTNET
ASH135,2000-01-04,2022-05-03,CASTNET
LAV410,2000-01-04,2026-01-27,CASTNET
NPT006,2015-12-15,2026-01-27,CASTNET
DEV412,2000-01-04,2008-01-08,CASTNET
LYK123,2000-01-04,2010-10-05,CASTNET
SEK430,2005-04-05,2026-01-27,CASTNET
STK138,2000-01-04,2026-01-20,CASTNET
SPD111,2000-01-04,2026-01-27,CASTNET
ABT147,2000-01-04,2026-01-27,CASTNET
MAC426,2002-07-30,2026-01-27,CASTNET
ALH157,2000-01-04,2022-11-29,CASTNET
GRC474,2000-01-04,2026-01-27,CASTNET
UMA009,2020-11-03,2026-01-27,CASTNET
YEL408,2000-01-04,2026-01-27,CASTNET
LYE145,2000-01-04,2007-03-27,CASTNET
MOR409,2000-01-04,2013-07-30,CASTNET
LPO010,2023-01-24,2026-01-27,CASTNET
COW137,2000-01-04,2026-01-27,CASTNET
BWR139,2000-01-04,2026-01-27,CASTNET
BBE401,2000-01-04,2026-01-27,CASTNET
CDZ171,2000-01-04,2022-05-10,CASTNET
PND165,2000-01-04,2026-01-27,CASTNET
BUF603,2012-11-06,2025-04-15,CASTNET
FOR605,2013-04-30,2025-04-15,CASTNET
OLY421,2000-01-04,2005-02-01,CASTNET
SAL133,2000-01-04,2026-01-20,CASTNET
HVT424,2000-01-04,2004-07-06,CASTNET
BVL130,2000-01-04,2026-01-27,CASTNET
VII423,2000-01-04,2004-01-20,CASTNET
MKG113,2000-01-04,2026-01-27,CASTNET
AL99,1999-12-28,2025-12-23,NTN
NE15,1999-12-28,2025-12-23,NTN
ME08,1999-12-28,2024-04-23,NTN
TN00,1999-12-28,2025-09-23,NTN
MI29,2002-01-22,2008-10-30,NTN
NY10,1999-12-28,2024-09-10,NTN
CO08,1999-12-28,2025-12-24,NTN
MT07,1999-12-28,2025-12-23,NTN
AL10,1999-12-28,2025-12-23,NTN
MN18,1999-12-28,2025-12-23,NTN
WV05,1999-12-28,2022-05-03,NTN
CA42,1999-12-28,2024-06-11,NTN
AB42,2024-03-26,2025-12-23,NTN
TX10,1999-12-28,2025-12-23,NTN
FL32,2005-12-14,2018-02-20,NTN
OH15,1999-12-28,2010-10-05,NTN
ME95,2002-06-12,2006-12-05,NTN
UT01,1999-12-29,2025-12-23,NTN
NY22,1999-12-28,2025-12-23,NTN
FL00,2016-03-22,2025-12-23,NTN
PA02,2011-07-27,2017-06-01,NTN
CA45,1999-12-28,2024-04-22,NTN
IL46,1999-12-28,2022-11-22,NTN
CO00,1999-12-28,2025-12-24,NTN
PA47,2002-11-21,2017-06-20,NTN
SC99,2002-03-19,2007-03-14,NTN
CO96,1999-12-28,2025-12-23,NTN
CO97,1999-12-28,2025-12-23,NTN
WI92,2022-11-08,2025-12-23,NTN
WI08,2014-04-22,2022-10-18,NTN
TX22,1999-12-28,2025-12-23,NTN
FL14,1999-12-28,2025-12-23,NTN
WA99,1999-12-28,2025-12-23,NTN
CO13,2018-12-04,2020-12-29,NTN
VT01,1999-12-28,2025-12-23,NTN
MD13,1999-12-28,2025-12-23,NTN
CO15,1999-12-28,2025-08-20,NTN
NY59,2013-01-02,2022-12-28,NTN
NJ39,2012-12-04,2025-12-23,NTN
SC11,2002-01-08,2008-12-30,NTN
OR10,1999-12-28,2025-12-23,NTN
KY19,2003-10-07,2025-12-23,NTN
KS31,1999-12-28,2025-12-23,NTN
CA88,1999-12-28,2025-12-23,NTN
FL96,2013-01-02,2016-11-29,NTN
NM09,2000-01-04,2000-03-28,NTN
MA01,1999-12-28,2025-12-23,NTN
IL19,1999-12-28,2004-09-21,NTN
FL23,1999-12-27,2025-12-23,NTN
AL24,2001-05-29,2009-12-29,NTN
OK00,1999-12-28,2025-12-24,NTN
PA90,2011-07-26,2019-06-25,NTN
NJ99,1999-12-28,2025-12-22,NTN
CO18,2003-05-13,2009-01-06,NTN
CO92,1999-12-28,2022-05-03,NTN
KY35,1999-12-28,2025-12-23,NTN
CO94,1999-12-28,2025-12-22,NTN
CA99,1999-12-28,2025-12-23,NTN
CO80,2022-10-18,2025-12-23,NTN
PA21,2011-07-26,2017-06-13,NTN
NM12,1999-12-28,2012-09-18,NTN
IL63,1999-12-28,2017-01-24,NTN
OK96,2024-08-20,2025-12-23,NTN
AZ98,1999-12-28,2025-12-23,NTN
LA12,1999-12-28,2025-12-23,NTN
IL11,1999-12-28,2025-12-16,NTN
AZ97,2002-12-03,2023-12-26,NTN
ME94,2013-10-03,2025-12-22,NTN
CA75,1999-12-28,2025-12-23,NTN
VA10,2003-08-12,2009-07-07,NTN
CAN6,2011-10-06,2012-09-11,NTN
AB41,2024-03-28,2025-11-18,NTN
NY20,1999-12-28,2025-12-23,NTN
CO93,1999-12-28,2025-12-09,NTN
IA08,1999-12-28,2025-12-23,NTN
NM01,1999-12-28,2012-09-17,NTN
AL19,2012-12-19,2016-10-11,NTN
MN23,1999-12-28,2025-12-23,NTN
PA52,2011-07-26,2017-05-30,NTN
MO43,2001-08-28,2008-04-30,NTN
AR16,1999-12-28,2025-12-22,NTN
WY00,1999-12-28,2025-12-23,NTN
WV04,1999-12-28,2025-12-23,NTN
AK99,2004-05-12,2005-06-28,NTN
CO22,1999-12-28,2023-11-14,NTN
ID02,2002-12-31,2025-07-08,NTN
GA99,1999-12-28,2025-12-23,NTN
GA33,2002-11-26,2017-02-14,NTN
NV00,1999-12-28,2002-12-03,NTN
KY99,1999-12-28,2019-11-26,NTN
WA19,1999-12-28,2025-12-22,NTN
CO19,1999-12-28,2025-12-23,NTN
PA00,1999-12-28,2025-12-23,NTN
NY08,1999-12-28,2025-12-23,NTN
WY98,1999-12-28,2025-12-23,NTN
MS10,1999-12-28,2025-12-25,NTN
ME02,1999-12-28,2025-12-23,NTN
CO98,1999-12-28,2025-12-23,NTN
TX41,2022-03-01,2025-12-24,NTN
OK08,2000-02-01,2004-01-20,NTN
TX21,1999-12-28,2018-02-20,NTN
MI53,1999-12-28,2025-12-23,NTN
WY97,1999-12-28,2025-12-23,NTN
NC17,2015-01-30,2019-04-23,NTN
OK99,2007-05-22,2009-07-21,NTN
CA67,2000-09-19,2025-12-23,NTN
MD03,1999-12-28,2002-02-13,NTN
IL78,1999-12-28,2025-12-23,NTN
MT96,1999-12-29,2025-12-23,NTN
MI48,2000-11-28,2024-03-26,NTN
BM01,2022-03-15,2025-12-23,NTN
WY02,1999-12-28,2025-08-19,NTN
KS32,1999-12-28,2024-08-27,NTN
MI26,1999-12-28,2025-12-23,NTN
CA50,2001-11-06,2025-12-23,NTN
BC23,2013-03-20,2025-12-23,NTN
CAN5,2001-10-02,2024-08-27,NTN
AR03,1999-12-28,2025-12-23,NTN
IN22,1999-12-28,2025-12-16,NTN
MS98,2022-10-18,2025-12-23,NTN
WI31,2014-01-07,2025-12-23,NTN
OR09,1999-12-28,2019-11-26,NTN
WA04,2022-12-27,2025-12-23,NTN
NY96,2003-11-25,2025-12-23,NTN
BC22,2012-09-19,2025-12-23,NTN
NY68,1999-12-28,2025-12-23,NTN
MT98,1999-12-28,2025-12-22,NTN
AK03,1999-12-28,2025-12-24,NTN
TX43,2007-07-24,2025-12-23,NTN
MO05,1999-12-28,2021-06-15,NTN
UT08,1999-12-28,2012-06-19,NTN
CAN4,1999-12-28,2001-09-25,NTN
MT00,1999-12-28,2024-10-29,NTN
AB40,2024-03-26,2025-12-23,NTN
MD99,2004-06-01,2025-12-23,NTN
NY28,2012-12-31,2025-12-23,NTN
NJ30,2025-09-16,2025-12-22,NTN
CO83,2020-03-03,2020-12-29,NTN
NJ00,1999-12-28,2025-12-23,NTN
PA30,2011-07-27,2020-09-10,NTN
AB36,2019-12-02,2025-12-22,NTN
MN28,1999-12-28,2023-08-22,NTN
AB37,2023-10-24,2025-11-12,NTN
AR02,1999-12-28,2024-04-23,NTN
WI98,1999-12-28,2013-12-24,NTN
MA14,2014-03-04,2025-12-23,NTN
WI25,1999-12-28,2013-12-24,NTN
AK96,2017-10-12,2025-12-23,NTN
CA66,1999-12-28,2025-12-23,NTN
OH49,1999-12-28,2025-12-23,NTN
ME09,1999-12-28,2025-12-23,NTN
PR20,1999-12-28,2025-05-06,NTN
SD99,1999-12-28,2025-12-23,NTN
FL03,2000-01-04,2016-03-15,NTN
TX04,1999-12-28,2025-12-23,NTN
MT05,1999-12-28,2025-12-23,NTN
UT98,1999-12-29,2025-12-23,NTN
GA98,2002-06-18,2005-05-17,NTN
AK06,2008-11-04,2015-10-20,NTN
NM08,1999-12-28,2025-12-23,NTN
MI94,2021-11-17,2025-12-23,NTN
OK24,2024-08-28,2025-12-23,NTN
SK20,2012-02-14,2025-12-17,NTN
WI06,2019-02-11,2025-12-23,NTN
NE99,1999-12-28,2025-12-23,NTN
TX16,1999-12-28,2025-12-23,NTN
OH71,1999-12-28,2025-12-23,NTN
OR97,1999-12-28,2025-12-23,NTN
OR98,1999-12-28,2003-09-16,NTN
MO46,2022-07-05,2025-12-24,NTN
WY95,1999-12-28,2025-12-23,NTN
AB34,2019-04-24,2025-12-22,NTN
AL02,2001-06-05,2009-12-29,NTN
FL05,1999-12-28,2024-03-19,NTN
SC03,2011-12-13,2024-04-09,NTN
VA00,1999-12-28,2024-04-23,NTN
NY93,2013-01-01,2023-12-12,NTN
VA99,2002-07-02,2025-12-23,NTN
CA95,2000-02-09,2005-05-24,NTN
CA76,1999-12-28,2025-12-23,NTN
MN01,1999-12-28,2025-12-23,NTN
TN11,1999-12-28,2025-12-23,NTN
PA98,2011-07-26,2018-06-26,NTN
IL18,1999-12-28,2016-03-22,NTN
NC41,1999-12-28,2025-12-24,NTN
MN99,1999-12-28,2025-12-23,NTN
PA60,2011-07-26,2017-05-29,NTN
MS19,1999-12-28,2022-10-11,NTN
PA15,1999-12-28,2025-12-23,NTN
KY03,1999-12-28,2025-12-23,NTN
ID03,1999-12-28,2025-12-23,NTN
NC36,1999-12-28,2025-12-23,NTN
HI99,2000-11-21,2005-02-08,NTN
NC06,1999-12-28,2025-12-23,NTN
OR18,1999-12-28,2025-12-23,NTN
AK01,1999-12-28,2025-12-23,NTN
SD04,2002-11-05,2025-12-23,NTN
KS97,2015-10-13,2023-06-06,NTN
CO99,1999-12-28,2025-12-23,NTN
CO09,2012-07-10,2025-01-15,NTN
CA94,2006-05-09,2025-12-23,NTN
SC05,2000-11-21,2024-03-26,NTN
NH02,1999-12-28,2025-12-23,NTN
GA09,1999-12-29,2024-03-26,NTN
NY67,2018-01-09,2025-12-23,NTN
CO81,2020-12-08,2025-12-23,NTN
NC25,1999-12-28,2025-12-23,NTN
VA24,1999-12-28,2025-12-23,NTN
WI32,2002-01-22,2006-03-21,NTN
CO82,2021-01-19,2025-12-23,NTN
ME00,1999-12-28,2025-12-22,NTN
NY98,1999-12-28,2025-12-23,NTN
CA28,2007-04-24,2022-11-01,NTN
MN27,1999-12-28,2025-12-23,NTN
OR02,1999-12-28,2007-12-18,NTN
AZ99,1999-12-28,2024-04-23,NTN
MI52,1999-12-28,2022-05-03,NTN
MA13,1999-12-28,2010-09-28,NTN
FL41,1999-12-28,2025-12-23,NTN
LA30,1999-12-28,2025-12-23,NTN
WI35,1999-12-28,2025-12-23,NTN
SK21,2012-04-30,2020-03-24,NTN
WI28,1999-12-28,2013-12-23,NTN
OH17,1999-12-28,2025-12-23,NTN
MO03,1999-12-28,2025-12-23,NTN
VA98,2004-08-31,2011-08-27,NTN
WY99,1999-12-28,2025-08-19,NTN
TX38,1999-12-28,2001-07-05,NTN
WI36,1999-12-28,2025-12-23,NTN
NY99,1999-12-28,2025-12-23,NTN
CO01,1999-12-28,2025-12-16,NTN
AL03,2011-02-22,2016-12-06,NTN
NC30,2020-04-21,2025-12-23,NTN
NY52,1999-12-28,2025-12-23,NTN
OK17,1999-12-28,2021-08-17,NTN
WI10,2005-06-07,2025-12-23,NTN
NY06,2013-01-22,2025-12-23,NTN
ND11,1999-12-28,2025-12-23,NTN
SC06,1999-12-28,2025-12-23,NTN
SK31,2016-06-14,2025-12-16,NTN
UT95,2017-12-05,2025-12-23,NTN
WI97,2001-11-27,2005-03-15,NTN
NY94,2015-11-03,2025-12-23,NTN
MI98,1999-12-29,2017-12-12,NTN
SK30,2016-06-07,2020-03-24,NTN
AB38,2024-03-26,2025-12-23,NTN
PA83,2011-07-26,2017-09-27,NTN
CO91,2000-01-02,2025-12-22,NTN
MA22,2015-06-16,2025-12-22,NTN
OK01,2023-03-14,2025-12-23,NTN
TX02,1999-12-28,2020-12-30,NTN
ND08,1999-12-28,2025-12-23,NTN
AZ03,1999-12-28,2025-12-23,NTN
MS30,1999-12-28,2025-12-23,NTN
ID15,2000-01-03,2006-09-20,NTN
DE99,2003-05-27,2008-09-17,NTN
WI99,1999-12-28,2013-12-24,NTN
BC24,2014-01-15,2025-12-23,NTN
WY08,1999-12-28,2025-12-23,NTN
MN05,1999-12-28,2005-03-15,NTN
CA96,2000-06-13,2025-12-23,NTN
TX03,1999-12-28,2025-12-23,NTN
NV03,1999-12-28,2025-12-23,NTN
GA41,1999-12-28,2025-12-23,NTN
CO89,2009-09-29,2014-09-23,NTN
VI01,1999-12-28,2025-11-25,NTN
CO90,2006-01-24,2025-12-22,NTN
NY29,2003-07-29,2014-12-23,NTN
UT09,1999-12-28,2025-12-23,NTN
FL99,1999-12-28,2015-10-20,NTN
NY65,1999-12-28,2004-06-08,NTN
TX39,2002-01-02,2006-12-19,NTN
OR07,2021-09-07,2025-12-22,NTN
MI99,1999-12-28,2025-12-23,NTN
TN14,1999-12-28,2023-11-21,NTN
AB32,2016-09-13,2025-12-22,NTN
AB35,2023-01-03,2025-12-22,NTN
MI09,1999-12-28,2025-12-23,NTN
MD15,2004-06-01,2025-08-26,NTN
PA29,1999-12-28,2025-12-16,NTN
MI51,1999-12-28,2025-12-23,NTN
NC34,1999-12-28,2025-12-23,NTN
IN20,1999-12-28,2025-12-23,NTN
NM07,1999-12-28,2025-12-23,NTN
MD08,2004-06-29,2025-12-23,NTN
IN41,1999-12-28,2025-12-16,NTN
MD91,2025-11-11,2025-12-23,NTN
OH54,1999-12-28,2022-05-02,NTN
WY94,2011-09-27,2025-12-23,NTN
AZ06,1999-12-28,2025-12-23,NTN
NC29,2002-07-02,2025-12-23,NTN
VA27,2002-07-09,2009-06-23,NTN
ME04,2002-03-12,2025-12-23,NTN
OH09,1999-12-28,2025-12-23,NTN
PA71,2011-07-26,2017-05-22,NTN
WI37,1999-12-28,2025-12-23,NTN
KY22,1999-12-28,2025-12-23,NTN
MA98,2016-02-09,2025-12-17,NTN
ID11,1999-12-28,2025-12-16,NTN
GA20,1999-12-28,2022-04-13,NTN
AK97,2009-11-02,2025-12-23,NTN
MN08,1999-12-28,2025-12-23,NTN
NY01,2004-08-17,2025-12-22,NTN
AR27,1999-12-28,2025-12-23,NTN
SD08,1999-12-28,2025-12-02,NTN
NC35,1999-12-28,2025-12-23,NTN
NC45,1999-12-28,2025-12-23,NTN
MD07,2003-05-27,2013-07-16,NTN
NY43,2013-04-30,2025-12-23,NTN
WA14,1999-12-28,2025-12-09,NTN
WI09,1999-12-28,2013-12-24,NTN
IA23,1999-12-29,2025-12-23,NTN
MN16,1999-12-28,2025-12-23,NTN
WY06,1999-12-28,2025-08-19,NTN
WA21,1999-12-28,2025-12-23,NTN
NV05,1999-12-28,2025-12-16,NTN
MN32,2000-05-30,2025-12-22,NTN
CO21,1999-12-28,2025-12-23,NTN
VA13,1999-12-28,2025-12-23,NTN
WV18,1999-12-28,2025-12-23,NTN
IN34,1999-12-28,2025-12-23,NTN
WA98,2002-05-07,2025-12-16,NTN
AK02,2004-06-22,2025-12-23,NTN
ND07,1999-12-28,2000-12-05,NTN
VA28,1999-12-28,2025-12-23,NTN
WA24,1999-12-28,2025-12-23,NTN
WI19,2020-07-14,2020-11-03,NTN
FL11,1999-12-28,2025-12-23,NTN
PA13,2011-07-26,2024-08-20,NTN
VT99,1999-12-28,2025-12-23,NTN
MI97,2000-05-02,2007-05-01,NTN
OK29,1999-12-28,2025-12-23,NTN
WV99,2019-08-27,2021-09-13,NTN
TX56,1999-12-28,2025-12-23,NTN
UT99,1999-12-28,2025-12-23,NTN
KY10,2002-08-27,2025-12-23,NTN
ND00,2001-01-30,2025-12-23,NTN
CT15,1999-12-28,2025-12-23,NTN
ME96,1999-12-28,2025-12-23,NTN
SC07,2001-12-31,2007-12-18,NTN
AG01,2011-10-24,2017-12-19,NTN
TN04,1999-12-28,2025-12-23,NTN
ME98,1999-12-28,2025-12-23,NTN
PA42,1999-12-28,2025-12-22,NTN
KS07,1999-12-28,2025-12-23,NTN
NY92,2013-10-29,2025-12-23,NTN
MA08,1999-12-28,2025-12-23,NTN
PA18,1999-12-28,2025-12-23,NTN
PA72,1999-12-28,2025-12-23,NTN
AB39,2024-03-26,2025-12-23,NTN
CO10,1999-12-29,2025-12-23,NTN
MD18,2000-09-05,2025-12-22,NTN
MS12,2010-03-09,2025-12-23,NTN
MT97,1999-12-28,2025-12-23,NTN
NC03,1999-12-28,2025-12-22,NTN
CO02,1999-12-28,2025-12-22,NTN
