"Seg_ID","SITE_ID","Start_Date","End_Date","Num_Years","acf_SO2_Lag","acf_SO2_Value","acf_SO2_Threshold","acf_SO2_Status","acf_SO4_Lag","acf_SO4_Value","acf_SO4_Threshold","acf_SO4_Status","acf_HNO3_Lag","acf_HNO3_Value","acf_HNO3_Threshold","acf_HNO3_Status","acf_NO3_Lag","acf_NO3_Value","acf_NO3_Threshold","acf_NO3_Status","acf_TNO3_Lag","acf_TNO3_Value","acf_TNO3_Threshold","acf_TNO3_Status","acf_NH4_Lag","acf_NH4_Value","acf_NH4_Threshold","acf_NH4_Status","acf_CA_Lag","acf_CA_Value","acf_CA_Threshold","acf_CA_Status","acf_K_Lag","acf_K_Value","acf_K_Threshold","acf_K_Status","acf_MG_Lag","acf_MG_Value","acf_MG_Threshold","acf_MG_Status","acf_Sodium_Lag","acf_Sodium_Value","acf_Sodium_Threshold","acf_Sodium_Status"
1,"ABT147","2005-01-04","2010-01-04",5,50,0.1995,0.1225,"PASS",50,0.19,0.1225,"PASS",7,0.1571,0.1225,"PASS",20,0.1628,0.1225,"PASS",50,0.2286,0.1225,"PASS",50,0.2238,0.1225,"PASS",23,0.1365,0.1225,"PASS",100,0.1543,0.1225,"PASS",15,0.1331,0.1225,"PASS",15,0.1373,0.1225,"PASS"
2,"ABT147","2000-01-04","2005-01-04",5,60,0.1876,0.1223,"PASS",63,0.1374,0.1223,"PASS",15,0.2015,0.1223,"PASS",10,0.1668,0.1223,"PASS",45,0.1839,0.1223,"PASS",45,0.1354,0.1223,"PASS",45,0.1807,0.1223,"PASS",NA,NA,NA,"FAIL BOXCOX",10,0.12,0.1223,"FAIL",27,0.1394,0.1223,"PASS"
3,"ACA416","2005-10-17","2010-10-17",5,50,0.1791,0.1225,"PASS",58,0.1278,0.1225,"PASS",16,0.2089,0.1225,"PASS",10,0.1561,0.1225,"PASS",58,0.1495,0.1225,"PASS",26,0.1546,0.1225,"PASS",34,0.1731,0.1225,"PASS",6,0.1957,0.1235,"PASS",30,0.118,0.1225,"FAIL",34,0.1211,0.1225,"FAIL"
4,"ACA416","2000-10-17","2005-10-17",5,7,0.1682,0.1237,"PASS",84,0.1126,0.1237,"FAIL",17,0.1282,0.1237,"PASS",NA,NA,NA,"FAIL BOXCOX",161,0.157,0.1237,"PASS",60,0.1652,0.1237,"PASS",30,0.1719,0.1242,"PASS",NA,NA,NA,"FAIL BOXCOX",10,0.1489,0.1242,"PASS",46,0.1913,0.1242,"PASS"
5,"ALC188","2014-03-18","2019-03-18",5,15,0.1707,0.1223,"PASS",65,0.1618,0.1223,"PASS",95,0.1207,0.1223,"FAIL",54,0.1638,0.1223,"PASS",54,0.1638,0.1223,"PASS",46,0.1585,0.1223,"PASS",39,0.1831,0.1223,"PASS",19,0.122,0.1232,"FAIL",15,0.1395,0.1223,"PASS",24,0.1328,0.1223,"PASS"
6,"ALH157","2011-05-02","2016-05-02",5,74,0.2288,0.1225,"PASS",61,0.1262,0.1225,"PASS",45,0.1592,0.1225,"PASS",56,0.1301,0.1225,"PASS",74,0.1407,0.1225,"PASS",13,0.1399,0.1225,"PASS",60,0.1383,0.1225,"PASS",24,0.1442,0.1225,"PASS",12,0.1325,0.1225,"PASS",33,0.1596,0.1225,"PASS"
7,"ALH157","2006-05-02","2011-05-02",5,17,0.2192,0.1242,"PASS",14,0.1844,0.1242,"PASS",14,0.1352,0.1242,"PASS",17,0.1532,0.1242,"PASS",56,0.2174,0.1242,"PASS",56,0.173,0.1242,"PASS",36,0.1239,0.1242,"FAIL",21,0.1933,0.1242,"PASS",89,0.1485,0.1242,"PASS",19,0.1777,0.1242,"PASS"
8,"ALH157","2000-01-04","2005-01-04",5,30,0.1716,0.1223,"PASS",4,0.1624,0.1223,"PASS",30,0.1426,0.1223,"PASS",59,0.2004,0.1223,"PASS",92,0.1707,0.1223,"PASS",92,0.1369,0.1223,"PASS",64,0.1306,0.1223,"PASS",52,0.1714,0.1223,"PASS",64,0.1534,0.1223,"PASS",15,0.1515,0.1223,"PASS"
9,"ANA115","2017-03-07","2022-03-07",5,37,0.1987,0.1227,"PASS",9,0.1699,0.1227,"PASS",22,0.1332,0.1227,"PASS",97,0.1542,0.1227,"PASS",56,0.1972,0.1227,"PASS",56,0.1362,0.1227,"PASS",79,0.1651,0.1232,"PASS",52,0.2046,0.1227,"PASS",53,0.2023,0.1232,"PASS",105,0.1553,0.1227,"PASS"
10,"ANA115","2010-09-07","2015-09-07",5,51,0.1723,0.1242,"PASS",51,0.2304,0.1242,"PASS",24,0.1795,0.1242,"PASS",NA,NA,NA,"FAIL BOXCOX",16,0.1894,0.1242,"PASS",51,0.2024,0.1242,"PASS",49,0.2435,0.1242,"PASS",91,0.1562,0.1242,"PASS",49,0.2063,0.1242,"PASS",105,0.129,0.1242,"PASS"
11,"ANA115","2000-01-04","2005-01-04",5,30,0.1882,0.1232,"PASS",11,0.147,0.1232,"PASS",42,0.1772,0.1232,"PASS",5,0.1417,0.1232,"PASS",57,0.1378,0.1232,"PASS",19,0.1678,0.1237,"PASS",57,0.1709,0.1237,"PASS",NA,NA,NA,"FAIL BOXCOX",57,0.1767,0.1237,"PASS",54,0.1536,0.1237,"PASS"
12,"ARE128","2016-02-08","2021-02-08",5,61,0.1389,0.1216,"PASS",9,0.1902,0.1216,"PASS",87,0.133,0.1216,"PASS",4,0.1441,0.1216,"PASS",13,0.1589,0.1216,"PASS",85,0.1556,0.1216,"PASS",31,0.1955,0.122,"PASS",9,0.1667,0.122,"PASS",85,0.1431,0.122,"PASS",52,0.1879,0.122,"PASS"
13,"ARE128","2011-02-08","2016-02-08",5,19,0.1574,0.1223,"PASS",117,0.1439,0.1223,"PASS",24,0.1793,0.1223,"PASS",30,0.1459,0.1223,"PASS",27,0.1494,0.1223,"PASS",5,0.1648,0.1223,"PASS",35,0.1481,0.1223,"PASS",52,0.164,0.1227,"PASS",95,0.1119,0.1223,"FAIL",95,0.1405,0.1223,"PASS"
14,"ARE128","2000-01-04","2005-01-04",5,75,0.1559,0.1225,"PASS",157,0.1144,0.1225,"FAIL",44,0.1669,0.1223,"PASS",62,0.1668,0.1225,"PASS",36,0.1456,0.1225,"PASS",182,0.1321,0.1225,"PASS",149,0.1532,0.1225,"PASS",NA,NA,NA,"FAIL BOXCOX",51,0.1776,0.1225,"PASS",51,0.1844,0.1225,"PASS"
15,"ASH135","2014-01-27","2019-01-27",5,55,0.1798,0.122,"PASS",60,0.1241,0.122,"PASS",16,0.2,0.122,"PASS",NA,NA,NA,"FAIL BOXCOX",20,0.184,0.122,"PASS",16,0.1414,0.122,"PASS",44,0.1414,0.122,"PASS",131,0.1134,0.1225,"FAIL",NA,NA,NA,"FAIL BOXCOX",147,0.1119,0.122,"FAIL"
16,"ASH135","2009-01-27","2014-01-27",5,40,0.173,0.1225,"PASS",93,0.143,0.1225,"PASS",24,0.131,0.1225,"PASS",61,0.1761,0.1225,"PASS",14,0.1213,0.1225,"FAIL",152,0.1526,0.1225,"PASS",100,0.1575,0.1225,"PASS",6,0.1341,0.123,"PASS",19,0.1647,0.1225,"PASS",59,0.1337,0.1225,"PASS"
17,"ASH135","2004-01-27","2009-01-27",5,108,0.1485,0.122,"PASS",17,0.1842,0.122,"PASS",23,0.1609,0.122,"PASS",NA,NA,NA,"FAIL BOXCOX",58,0.1376,0.122,"PASS",9,0.2144,0.122,"PASS",115,0.162,0.122,"PASS",56,0.1887,0.122,"PASS",121,0.1535,0.122,"PASS",4,0.2245,0.122,"PASS"
18,"BAS601","2019-01-22","2024-01-22",5,16,0.1271,0.1242,"PASS",32,0.2101,0.1242,"PASS",10,0.143,0.1242,"PASS",19,0.2089,0.1242,"PASS",32,0.2372,0.1242,"PASS",32,0.2147,0.1242,"PASS",28,0.1382,0.1242,"PASS",32,0.1574,0.1242,"PASS",115,0.0972,0.1242,"FAIL",77,0.1498,0.1242,"PASS"
19,"BBE401","2010-07-12","2015-07-12",5,40,0.1579,0.1235,"PASS",51,0.1563,0.1235,"PASS",65,0.1431,0.1235,"PASS",63,0.1562,0.1235,"PASS",47,0.1715,0.1235,"PASS",51,0.1401,0.1235,"PASS",57,0.1714,0.1235,"PASS",6,0.1535,0.124,"PASS",80,0.1222,0.1235,"FAIL",86,0.1953,0.1235,"PASS"
20,"BBE401","2005-07-12","2010-07-12",5,51,0.1755,0.1227,"PASS",14,0.1403,0.1227,"PASS",58,0.1727,0.1227,"PASS",59,0.1534,0.1227,"PASS",48,0.1271,0.1227,"PASS",89,0.112,0.1227,"FAIL",59,0.1857,0.1227,"PASS",29,0.1105,0.1227,"FAIL",59,0.1929,0.1227,"PASS",53,0.1367,0.1227,"PASS"
21,"BFT142","2012-06-26","2017-06-26",5,55,0.1778,0.1232,"PASS",36,0.1392,0.1232,"PASS",36,0.1723,0.1232,"PASS",163,0.1144,0.1232,"FAIL",105,0.1236,0.1232,"PASS",4,0.1654,0.1232,"PASS",9,0.1484,0.1232,"PASS",57,0.1691,0.1232,"PASS",50,0.1634,0.1232,"PASS",33,0.1366,0.1232,"PASS"
22,"BFT142","2000-01-04","2005-01-04",5,20,0.1641,0.1232,"PASS",13,0.162,0.1232,"PASS",119,0.1366,0.1227,"PASS",20,0.1429,0.1232,"PASS",13,0.1646,0.1232,"PASS",13,0.1727,0.1232,"PASS",56,0.1642,0.1232,"PASS",68,0.122,0.1232,"FAIL",125,0.149,0.1232,"PASS",57,0.1489,0.1232,"PASS"
23,"BVL130","2011-12-05","2016-12-05",5,35,0.1807,0.124,"PASS",51,0.1502,0.124,"PASS",29,0.1562,0.124,"PASS",36,0.1597,0.124,"PASS",30,0.1453,0.124,"PASS",30,0.1741,0.124,"PASS",20,0.166,0.124,"PASS",6,0.1753,0.124,"PASS",20,0.2028,0.124,"PASS",49,0.1496,0.1245,"PASS"
24,"BVL130","2006-12-05","2011-12-05",5,124,0.1287,0.1223,"PASS",22,0.1138,0.1223,"FAIL",133,0.1359,0.1223,"PASS",63,0.1795,0.1223,"PASS",46,0.1299,0.1223,"PASS",122,0.1074,0.1223,"FAIL",25,0.1555,0.1223,"PASS",15,0.2115,0.1223,"PASS",25,0.1147,0.1223,"FAIL",28,0.1451,0.1223,"PASS"
25,"BVL130","2000-01-04","2005-01-04",5,54,0.1925,0.1242,"PASS",95,0.1583,0.1237,"PASS",54,0.162,0.1237,"PASS",9,0.1513,0.1237,"PASS",84,0.1256,0.1242,"PASS",78,0.1554,0.1237,"PASS",27,0.1778,0.1237,"PASS",163,0.1356,0.1237,"PASS",27,0.1625,0.1237,"PASS",80,0.1727,0.1237,"PASS"
26,"BWR139","2012-06-19","2017-06-19",5,30,0.1195,0.122,"FAIL",76,0.1309,0.122,"PASS",54,0.2121,0.122,"PASS",10,0.1711,0.122,"PASS",65,0.1582,0.122,"PASS",105,0.1238,0.122,"PASS",51,0.197,0.122,"PASS",9,0.1516,0.122,"PASS",NA,NA,NA,"FAIL BOXCOX",62,0.1158,0.122,"FAIL"
27,"BWR139","2007-06-19","2012-06-19",5,29,0.1783,0.123,"PASS",41,0.154,0.123,"PASS",7,0.2004,0.123,"PASS",104,0.1477,0.123,"PASS",52,0.1379,0.123,"PASS",157,0.1568,0.123,"PASS",9,0.1279,0.123,"PASS",17,0.1896,0.123,"PASS",18,0.2232,0.123,"PASS",18,0.1533,0.123,"PASS"
28,"BWR139","2000-01-04","2005-01-04",5,111,0.1509,0.1232,"PASS",157,0.1714,0.1227,"PASS",38,0.1525,0.1232,"PASS",58,0.1285,0.1227,"PASS",88,0.142,0.1232,"PASS",157,0.1513,0.1227,"PASS",27,0.1417,0.1227,"PASS",17,0.1658,0.1227,"PASS",49,0.1794,0.1227,"PASS",49,0.1508,0.1227,"PASS"
29,"CAD150","2009-06-08","2014-06-08",5,22,0.1646,0.1225,"PASS",4,0.1698,0.1225,"PASS",70,0.1519,0.1225,"PASS",92,0.1427,0.1225,"PASS",4,0.2737,0.1225,"PASS",168,0.1812,0.1225,"PASS",57,0.2421,0.1225,"PASS",4,0.1753,0.1225,"PASS",63,0.1535,0.1225,"PASS",79,0.153,0.1225,"PASS"
30,"CAD150","2004-06-08","2009-06-08",5,88,0.1404,0.1232,"PASS",40,0.1453,0.1232,"PASS",50,0.1784,0.1232,"PASS",NA,NA,NA,"FAIL BOXCOX",50,0.1417,0.1232,"PASS",67,0.1461,0.1232,"PASS",5,0.1635,0.1232,"PASS",47,0.2059,0.1232,"PASS",134,0.1275,0.1232,"PASS",63,0.1515,0.1232,"PASS"
31,"CAN407","2013-10-15","2018-10-15",5,6,0.1537,0.1232,"PASS",7,0.1979,0.1232,"PASS",91,0.1855,0.1232,"PASS",25,0.1581,0.1232,"PASS",91,0.1286,0.1232,"PASS",68,0.1792,0.1232,"PASS",53,0.2318,0.1232,"PASS",57,0.1693,0.1237,"PASS",53,0.187,0.1232,"PASS",4,0.1925,0.1232,"PASS"
32,"CAN407","2005-08-29","2010-08-29",5,27,0.1423,0.1216,"PASS",18,0.1256,0.1216,"PASS",162,0.1507,0.1216,"PASS",194,0.1121,0.1216,"FAIL",216,0.144,0.1216,"PASS",162,0.1224,0.1216,"PASS",31,0.1632,0.1216,"PASS",31,0.1566,0.1216,"PASS",31,0.1523,0.1216,"PASS",5,0.1556,0.1216,"PASS"
33,"CAN407","2000-08-29","2005-08-29",5,6,0.1078,0.1227,"FAIL",15,0.1125,0.1227,"FAIL",6,0.1745,0.1227,"PASS",24,0.1399,0.1227,"PASS",6,0.1895,0.1227,"PASS",52,0.1293,0.1227,"PASS",19,0.1446,0.1227,"PASS",68,0.1496,0.1227,"PASS",19,0.1291,0.1227,"PASS",19,0.173,0.1227,"PASS"
34,"CAT175","2011-03-15","2016-03-15",5,12,0.1622,0.126,"PASS",53,0.1371,0.1255,"PASS",39,0.1465,0.1255,"PASS",44,0.1531,0.1255,"PASS",5,0.2195,0.1255,"PASS",14,0.1503,0.1255,"PASS",5,0.1945,0.1255,"PASS",44,0.2176,0.1265,"PASS",27,0.1478,0.1255,"PASS",154,0.1615,0.1255,"PASS"
35,"CDR119","2000-01-04","2005-01-04",5,150,0.1394,0.1232,"PASS",46,0.1567,0.1227,"PASS",52,0.1468,0.1227,"PASS",NA,NA,NA,"FAIL BOXCOX",52,0.1578,0.1227,"PASS",28,0.1187,0.1227,"FAIL",27,0.2383,0.1227,"PASS",60,0.196,0.1227,"PASS",27,0.1547,0.1227,"PASS",117,0.1325,0.1227,"PASS"
36,"CDZ171","2011-10-04","2016-10-04",5,20,0.1223,0.1225,"FAIL",111,0.1244,0.1225,"PASS",45,0.1358,0.1225,"PASS",86,0.2145,0.1225,"PASS",172,0.1311,0.1225,"PASS",98,0.1208,0.1225,"FAIL",102,0.1079,0.1225,"FAIL",63,0.1745,0.1225,"PASS",27,0.1217,0.1225,"FAIL",33,0.2137,0.1225,"PASS"
37,"CDZ171","2001-08-28","2006-08-28",5,16,0.1572,0.1232,"PASS",4,0.1771,0.1232,"PASS",141,0.1451,0.1232,"PASS",8,0.2061,0.1232,"PASS",70,0.1364,0.1232,"PASS",50,0.1579,0.1232,"PASS",37,0.2139,0.1232,"PASS",7,0.1442,0.1232,"PASS",29,0.17,0.1232,"PASS",91,0.1611,0.1232,"PASS"
38,"CHA467","2013-07-29","2018-07-29",5,38,0.1527,0.124,"PASS",35,0.1808,0.124,"PASS",14,0.1802,0.124,"PASS",17,0.1662,0.124,"PASS",7,0.1621,0.124,"PASS",35,0.1652,0.124,"PASS",7,0.2233,0.124,"PASS",7,0.1587,0.124,"PASS",72,0.1581,0.124,"PASS",31,0.1198,0.124,"FAIL"
39,"CHA467","2008-07-29","2013-07-29",5,20,0.1785,0.123,"PASS",54,0.1515,0.123,"PASS",6,0.1479,0.123,"PASS",4,0.1846,0.123,"PASS",9,0.1852,0.123,"PASS",54,0.1691,0.123,"PASS",56,0.1138,0.123,"FAIL",124,0.1675,0.123,"PASS",86,0.1426,0.123,"PASS",4,0.2567,0.123,"PASS"
40,"CHA467","2003-07-29","2008-07-29",5,22,0.2409,0.124,"PASS",105,0.1507,0.124,"PASS",22,0.1553,0.124,"PASS",57,0.1465,0.124,"PASS",22,0.3078,0.124,"PASS",87,0.1693,0.124,"PASS",26,0.228,0.124,"PASS",26,0.2448,0.124,"PASS",46,0.177,0.124,"PASS",38,0.1385,0.124,"PASS"
41,"CHE185","2014-01-27","2019-01-27",5,111,0.1432,0.1216,"PASS",120,0.1196,0.1216,"FAIL",8,0.2028,0.1216,"PASS",18,0.1408,0.1216,"PASS",57,0.1985,0.1216,"PASS",89,0.1359,0.1216,"PASS",39,0.1892,0.1216,"PASS",42,0.1916,0.122,"PASS",39,0.1598,0.1216,"PASS",24,0.1737,0.1216,"PASS"
42,"CHE185","2009-01-27","2014-01-27",5,69,0.1726,0.1242,"PASS",28,0.1882,0.1242,"PASS",92,0.2298,0.1242,"PASS",92,0.1835,0.1242,"PASS",57,0.1755,0.1242,"PASS",28,0.1351,0.1242,"PASS",84,0.1719,0.1242,"PASS",26,0.1525,0.1247,"PASS",99,0.1411,0.1242,"PASS",79,0.1568,0.1242,"PASS"
43,"CKT136","2018-05-01","2023-05-01",5,103,0.1409,0.1232,"PASS",17,0.1641,0.1232,"PASS",50,0.1559,0.1232,"PASS",12,0.1724,0.1232,"PASS",38,0.1527,0.1232,"PASS",95,0.143,0.1232,"PASS",89,0.1197,0.1232,"FAIL",77,0.1203,0.1232,"FAIL",52,0.1355,0.1232,"PASS",43,0.1308,0.1232,"PASS"
44,"CND125","2017-09-26","2022-09-26",5,80,0.1604,0.1237,"PASS",15,0.1467,0.1237,"PASS",59,0.1621,0.1237,"PASS",90,0.1711,0.1237,"PASS",12,0.1269,0.1237,"PASS",9,0.1854,0.1237,"PASS",21,0.1722,0.1237,"PASS",112,0.1311,0.1237,"PASS",43,0.166,0.1237,"PASS",43,0.1886,0.1237,"PASS"
45,"CND125","2009-08-17","2014-08-17",5,36,0.1732,0.123,"PASS",106,0.1607,0.123,"PASS",64,0.1257,0.123,"PASS",151,0.1576,0.123,"PASS",60,0.144,0.123,"PASS",142,0.1197,0.123,"FAIL",5,0.1766,0.123,"PASS",62,0.164,0.123,"PASS",31,0.1621,0.123,"PASS",31,0.1727,0.123,"PASS"
46,"CND125","2004-08-17","2009-08-17",5,116,0.1538,0.1242,"PASS",51,0.1789,0.1242,"PASS",51,0.2212,0.1242,"PASS",4,0.1655,0.1242,"PASS",110,0.1548,0.1242,"PASS",70,0.1583,0.1242,"PASS",47,0.134,0.1242,"PASS",29,0.1981,0.1242,"PASS",98,0.1422,0.1242,"PASS",31,0.1068,0.1242,"FAIL"
47,"CNT169","2010-01-04","2015-01-04",5,4,0.2208,0.1265,"PASS",4,0.1519,0.1265,"PASS",49,0.1669,0.1265,"PASS",86,0.2742,0.1265,"PASS",86,0.1643,0.1265,"PASS",62,0.1021,0.1265,"FAIL",86,0.1717,0.1265,"PASS",NA,NA,NA,"FAIL BOXCOX",NA,NA,NA,"FAIL BOXCOX",NA,NA,NA,"FAIL BOXCOX"
48,"CNT169","2005-01-04","2010-01-04",5,104,0.1446,0.125,"PASS",61,0.1425,0.125,"PASS",19,0.2495,0.125,"PASS",NA,NA,NA,"FAIL BOXCOX",8,0.1735,0.125,"PASS",19,0.1375,0.125,"PASS",81,0.1373,0.125,"PASS",NA,NA,NA,"FAIL BOXCOX",NA,NA,NA,"FAIL BOXCOX",NA,NA,NA,"FAIL BOXCOX"
49,"CNT169","2000-01-04","2005-01-04",5,9,0.1469,0.1232,"PASS",18,0.1682,0.1232,"PASS",6,0.154,0.1232,"PASS",NA,NA,NA,"FAIL BOXCOX",49,0.1618,0.1232,"PASS",52,0.1601,0.1232,"PASS",NA,NA,NA,"FAIL BOXCOX",NA,NA,NA,"FAIL BOXCOX",NA,NA,NA,"FAIL BOXCOX",NA,NA,NA,"FAIL BOXCOX"
50,"COW137","2010-01-04","2015-01-04",5,79,0.1887,0.1225,"PASS",37,0.1188,0.1225,"FAIL",61,0.2099,0.1225,"PASS",17,0.1505,0.1225,"PASS",101,0.1258,0.1225,"PASS",25,0.1486,0.1225,"PASS",13,0.1479,0.1225,"PASS",169,0.1241,0.1225,"PASS",NA,NA,NA,"FAIL BOXCOX",33,0.2273,0.1225,"PASS"
51,"COW137","2005-01-04","2010-01-04",5,20,0.2222,0.1255,"PASS",55,0.1557,0.1255,"PASS",40,0.173,0.1255,"PASS",NA,NA,NA,"FAIL BOXCOX",40,0.1938,0.1255,"PASS",92,0.1532,0.1255,"PASS",7,0.1428,0.1255,"PASS",51,0.1685,0.1255,"PASS",120,0.1125,0.1255,"FAIL",20,0.1369,0.1255,"PASS"
52,"COW137","2000-01-04","2005-01-04",5,9,0.2098,0.1218,"PASS",46,0.162,0.1218,"PASS",9,0.2148,0.1218,"PASS",NA,NA,NA,"FAIL BOXCOX",9,0.1937,0.1218,"PASS",46,0.1676,0.1218,"PASS",41,0.1519,0.1218,"PASS",22,0.1653,0.1218,"PASS",12,0.1565,0.1218,"PASS",69,0.1218,0.1218,"PASS"
53,"CTH110","2016-01-05","2021-01-05",5,41,0.1708,0.122,"PASS",59,0.1803,0.122,"PASS",13,0.16,0.122,"PASS",47,0.1816,0.122,"PASS",29,0.1609,0.122,"PASS",17,0.1641,0.122,"PASS",100,0.153,0.122,"PASS",100,0.1444,0.1225,"PASS",178,0.1392,0.122,"PASS",22,0.1283,0.122,"PASS"
54,"CTH110","2006-08-28","2011-08-28",5,64,0.1481,0.1235,"PASS",25,0.1416,0.1235,"PASS",32,0.1368,0.1235,"PASS",91,0.1353,0.1235,"PASS",44,0.1625,0.1235,"PASS",25,0.1882,0.1235,"PASS",135,0.1321,0.1235,"PASS",21,0.1591,0.1235,"PASS",135,0.1264,0.1235,"PASS",65,0.1394,0.1235,"PASS"
55,"CTH110","2001-08-28","2006-08-28",5,45,0.153,0.1227,"PASS",57,0.1557,0.1227,"PASS",39,0.1287,0.1227,"PASS",145,0.123,0.1227,"PASS",11,0.1461,0.1227,"PASS",14,0.1729,0.1227,"PASS",34,0.1526,0.1227,"PASS",NA,NA,NA,"FAIL BOXCOX",23,0.1721,0.1227,"PASS",100,0.1734,0.1227,"PASS"
56,"CVL151","2014-01-20","2019-01-20",5,29,0.146,0.124,"PASS",4,0.1366,0.124,"PASS",12,0.17,0.124,"PASS",46,0.153,0.124,"PASS",18,0.137,0.124,"PASS",27,0.1336,0.124,"PASS",59,0.1533,0.124,"PASS",17,0.1524,0.124,"PASS",79,0.1734,0.124,"PASS",79,0.2213,0.124,"PASS"
57,"CVL151","2009-01-20","2014-01-20",5,9,0.2053,0.1223,"PASS",49,0.145,0.1223,"PASS",56,0.1707,0.1223,"PASS",42,0.1801,0.1223,"PASS",47,0.166,0.1223,"PASS",16,0.1778,0.1223,"PASS",42,0.1245,0.1223,"PASS",27,0.1525,0.1223,"PASS",63,0.1715,0.1223,"PASS",39,0.1681,0.1227,"PASS"
58,"CVL151","2000-06-13","2005-06-13",5,19,0.1607,0.1247,"PASS",150,0.1285,0.1242,"PASS",49,0.1455,0.1242,"PASS",14,0.1273,0.1242,"PASS",52,0.1585,0.1247,"PASS",46,0.1711,0.1242,"PASS",130,0.1248,0.1242,"PASS",19,0.1424,0.1242,"PASS",29,0.1451,0.1242,"PASS",43,0.1625,0.1242,"PASS"
59,"DCP114","2016-03-15","2021-03-15",5,28,0.1753,0.1218,"PASS",9,0.1607,0.1218,"PASS",54,0.1753,0.1218,"PASS",47,0.1883,0.1218,"PASS",56,0.1504,0.1218,"PASS",51,0.1197,0.1218,"FAIL",28,0.1747,0.1218,"PASS",52,0.172,0.1223,"PASS",153,0.1593,0.1218,"PASS",43,0.1816,0.1218,"PASS"
60,"DCP114","2008-09-23","2013-09-23",5,67,0.1506,0.1223,"PASS",62,0.1573,0.1223,"PASS",55,0.1477,0.1223,"PASS",68,0.1634,0.1223,"PASS",90,0.1148,0.1223,"FAIL",62,0.1742,0.1223,"PASS",65,0.1891,0.1223,"PASS",81,0.1958,0.1223,"PASS",65,0.1693,0.1223,"PASS",33,0.1535,0.1223,"PASS"
61,"DCP114","2000-01-04","2005-01-04",5,60,0.1334,0.1223,"PASS",55,0.1481,0.1223,"PASS",60,0.1381,0.1223,"PASS",18,0.1522,0.1223,"PASS",159,0.158,0.1223,"PASS",72,0.1351,0.1223,"PASS",27,0.1867,0.1223,"PASS",104,0.1265,0.1223,"PASS",42,0.1599,0.1223,"PASS",117,0.1355,0.1223,"PASS"
62,"DEN417","2017-07-04","2022-07-04",5,26,0.1376,0.1232,"PASS",105,0.1142,0.1232,"FAIL",37,0.1326,0.1232,"PASS",NA,NA,NA,"FAIL BOXCOX",47,0.1588,0.1232,"PASS",68,0.1159,0.1232,"FAIL",44,0.127,0.1232,"PASS",NA,NA,NA,"FAIL BOXCOX",NA,NA,NA,"FAIL BOXCOX",21,0.1412,0.1232,"PASS"
63,"DEN417","2012-01-01","2017-01-01",5,40,0.19,0.1216,"PASS",77,0.2053,0.1216,"PASS",51,0.178,0.1216,"PASS",NA,NA,NA,"FAIL BOXCOX",51,0.1667,0.1216,"PASS",80,0.1495,0.1216,"PASS",44,0.1431,0.1216,"PASS",NA,NA,NA,"FAIL BOXCOX",NA,NA,NA,"FAIL BOXCOX",66,0.1456,0.1216,"PASS"
64,"DEN417","2007-01-01","2012-01-01",5,18,0.1337,0.122,"PASS",45,0.1757,0.122,"PASS",NA,NA,NA,"FAIL BOXCOX",NA,NA,NA,"FAIL BOXCOX",59,0.1594,0.122,"PASS",18,0.1782,0.122,"PASS",31,0.139,0.122,"PASS",NA,NA,NA,"FAIL BOXCOX",NA,NA,NA,"FAIL BOXCOX",NA,NA,NA,"FAIL BOXCOX"
65,"DEN417","2002-01-01","2007-01-01",5,52,0.1453,0.1223,"PASS",14,0.1673,0.1223,"PASS",NA,NA,NA,"FAIL BOXCOX",NA,NA,NA,"FAIL BOXCOX",149,0.1197,0.1223,"FAIL",39,0.1481,0.1223,"PASS",89,0.1206,0.1223,"FAIL",NA,NA,NA,"FAIL BOXCOX",NA,NA,NA,"FAIL BOXCOX",26,0.1456,0.1223,"PASS"
66,"DEV412","2001-03-13","2006-03-13",5,40,0.1552,0.1232,"PASS",66,0.1914,0.1232,"PASS",66,0.2092,0.1232,"PASS",32,0.1992,0.1232,"PASS",66,0.2655,0.1232,"PASS",51,0.1991,0.1232,"PASS",15,0.1851,0.1232,"PASS",94,0.1345,0.1232,"PASS",15,0.1669,0.1232,"PASS",20,0.1044,0.1232,"FAIL"
67,"DIN431","2017-07-11","2022-07-11",5,109,0.1513,0.1218,"PASS",67,0.1203,0.1218,"FAIL",46,0.1297,0.1218,"PASS",15,0.1799,0.1218,"PASS",125,0.1474,0.1218,"PASS",25,0.1197,0.1218,"FAIL",22,0.1721,0.1218,"PASS",46,0.1115,0.1218,"FAIL",22,0.2107,0.1218,"PASS",22,0.1598,0.1218,"PASS"
68,"EGB181","2011-03-01","2016-03-01",5,9,0.1409,0.122,"PASS",115,0.1787,0.122,"PASS",59,0.1464,0.122,"PASS",51,0.151,0.122,"PASS",16,0.1392,0.122,"PASS",91,0.1437,0.122,"PASS",78,0.2089,0.122,"PASS",27,0.1716,0.122,"PASS",9,0.1983,0.122,"PASS",105,0.1527,0.122,"PASS"
69,"EGB181","2001-07-24","2006-07-24",5,11,0.1656,0.1223,"PASS",11,0.2131,0.1223,"PASS",39,0.1626,0.1223,"PASS",11,0.1838,0.1223,"PASS",11,0.2171,0.1223,"PASS",11,0.2151,0.1227,"PASS",89,0.1344,0.1227,"PASS",11,0.2357,0.1227,"PASS",123,0.1518,0.1227,"PASS",27,0.1673,0.1227,"PASS"
70,"ESP127","2018-06-26","2023-06-26",5,23,0.1574,0.1223,"PASS",89,0.1379,0.1223,"PASS",65,0.1533,0.1223,"PASS",63,0.1691,0.1223,"PASS",55,0.1324,0.1223,"PASS",51,0.1101,0.1223,"FAIL",45,0.221,0.1223,"PASS",66,0.1585,0.1223,"PASS",10,0.1995,0.1223,"PASS",126,0.1442,0.1223,"PASS"
71,"ESP127","2010-01-04","2015-01-04",5,49,0.1523,0.1225,"PASS",49,0.1562,0.1225,"PASS",61,0.1974,0.1225,"PASS",39,0.183,0.1225,"PASS",99,0.1415,0.1225,"PASS",59,0.1498,0.1225,"PASS",36,0.1428,0.1225,"PASS",12,0.1568,0.1225,"PASS",39,0.1582,0.1225,"PASS",33,0.1982,0.1225,"PASS"
72,"ESP127","2005-01-04","2010-01-04",5,5,0.1076,0.124,"FAIL",6,0.1672,0.124,"PASS",56,0.1628,0.124,"PASS",NA,NA,NA,"FAIL BOXCOX",104,0.1147,0.124,"FAIL",61,0.1427,0.124,"PASS",135,0.1272,0.124,"PASS",4,0.1672,0.124,"PASS",68,0.1267,0.124,"PASS",54,0.1767,0.124,"PASS"
73,"ESP127","2000-01-04","2005-01-04",5,55,0.2513,0.1227,"PASS",46,0.1961,0.1227,"PASS",49,0.1654,0.1227,"PASS",NA,NA,NA,"FAIL BOXCOX",42,0.1853,0.1227,"PASS",55,0.2181,0.1227,"PASS",37,0.1466,0.1227,"PASS",NA,NA,NA,"FAIL BOXCOX",29,0.1796,0.1227,"PASS",69,0.1368,0.1227,"PASS"
74,"FOR605","2013-11-05","2018-11-05",5,7,0.1474,0.1237,"PASS",46,0.1473,0.1237,"PASS",27,0.1302,0.1237,"PASS",82,0.1553,0.1237,"PASS",40,0.1305,0.1237,"PASS",46,0.1491,0.1237,"PASS",53,0.2065,0.1237,"PASS",NA,NA,NA,"FAIL BOXCOX",53,0.1494,0.1237,"PASS",NA,NA,NA,"FAIL BOXCOX"
75,"GAS153","2015-07-18","2020-07-18",5,31,0.1386,0.1235,"PASS",81,0.1997,0.1235,"PASS",20,0.1816,0.1235,"PASS",54,0.2098,0.1235,"PASS",11,0.1395,0.1235,"PASS",42,0.1577,0.1235,"PASS",32,0.1448,0.1235,"PASS",57,0.1807,0.1235,"PASS",48,0.167,0.1235,"PASS",20,0.1817,0.1235,"PASS"
76,"GAS153","2010-07-18","2015-07-18",5,26,0.164,0.1235,"PASS",9,0.1675,0.1235,"PASS",52,0.1545,0.1235,"PASS",140,0.1688,0.1235,"PASS",26,0.1831,0.1235,"PASS",5,0.1105,0.1235,"FAIL",51,0.1456,0.1235,"PASS",55,0.1984,0.1235,"PASS",39,0.1306,0.1235,"PASS",22,0.1539,0.1235,"PASS"
77,"GAS153","2005-07-18","2010-07-18",5,25,0.1667,0.122,"PASS",67,0.1447,0.122,"PASS",22,0.1641,0.122,"PASS",45,0.1526,0.122,"PASS",127,0.1521,0.122,"PASS",10,0.1483,0.122,"PASS",66,0.1419,0.122,"PASS",17,0.2287,0.122,"PASS",164,0.1262,0.122,"PASS",78,0.1509,0.122,"PASS"
78,"GAS153","2000-07-18","2005-07-18",5,28,0.1961,0.1237,"PASS",37,0.1356,0.1237,"PASS",5,0.1714,0.1237,"PASS",NA,NA,NA,"FAIL BOXCOX",32,0.1379,0.1237,"PASS",46,0.1497,0.1237,"PASS",48,0.1415,0.1237,"PASS",29,0.1536,0.1237,"PASS",54,0.1829,0.1237,"PASS",7,0.1101,0.1242,"FAIL"
79,"GLR468","2004-01-13","2009-01-13",5,8,0.1872,0.1216,"PASS",164,0.1162,0.1216,"FAIL",55,0.1699,0.1216,"PASS",18,0.202,0.1216,"PASS",135,0.1248,0.1216,"PASS",30,0.1283,0.1216,"PASS",135,0.1713,0.1216,"PASS",38,0.1561,0.1216,"PASS",NA,NA,NA,"FAIL BOXCOX",31,0.1678,0.1216,"PASS"
80,"GRB411","2012-05-01","2017-05-01",5,94,0.1353,0.1218,"PASS",48,0.1394,0.1218,"PASS",57,0.2123,0.1218,"PASS",119,0.1366,0.1218,"PASS",57,0.1969,0.1218,"PASS",63,0.2026,0.1218,"PASS",102,0.1893,0.1218,"PASS",39,0.1716,0.1218,"PASS",66,0.1266,0.1218,"PASS",24,0.1646,0.1218,"PASS"
81,"GRC474","2010-01-26","2015-01-26",5,62,0.1488,0.1227,"PASS",99,0.2172,0.1227,"PASS",158,0.1321,0.1227,"PASS",102,0.1729,0.1227,"PASS",99,0.1871,0.1227,"PASS",127,0.1196,0.1227,"FAIL",50,0.1917,0.1227,"PASS",59,0.139,0.1227,"PASS",NA,NA,NA,"FAIL BOXCOX",65,0.1484,0.1227,"PASS"
82,"GRC474","2003-07-29","2008-07-29",5,59,0.1723,0.1225,"PASS",28,0.1474,0.1225,"PASS",68,0.1368,0.1225,"PASS",51,0.1483,0.1225,"PASS",5,0.163,0.1225,"PASS",52,0.165,0.1225,"PASS",26,0.1717,0.1225,"PASS",64,0.1669,0.1225,"PASS",56,0.1398,0.1225,"PASS",90,0.1205,0.1225,"FAIL"
83,"GTH161","2013-05-28","2018-05-28",5,4,0.1389,0.1223,"PASS",4,0.1418,0.1223,"PASS",17,0.1402,0.1223,"PASS",105,0.1646,0.1223,"PASS",130,0.1732,0.1223,"PASS",4,0.1569,0.1223,"PASS",46,0.1693,0.1223,"PASS",NA,NA,NA,"FAIL BOXCOX",NA,NA,NA,"FAIL BOXCOX",64,0.1423,0.1223,"PASS"
84,"GTH161","2004-06-22","2009-06-22",5,85,0.1489,0.1232,"PASS",28,0.1313,0.1232,"PASS",19,0.2274,0.1232,"PASS",28,0.1714,0.1232,"PASS",28,0.1711,0.1232,"PASS",51,0.1701,0.1232,"PASS",5,0.1447,0.1232,"PASS",NA,NA,NA,"FAIL BOXCOX",NA,NA,NA,"FAIL BOXCOX",NA,NA,NA,"FAIL BOXCOX"
85,"HOX148","2019-04-14","2024-04-14",5,37,0.1544,0.123,"PASS",9,0.2146,0.123,"PASS",12,0.1593,0.123,"PASS",52,0.1258,0.123,"PASS",9,0.1692,0.123,"PASS",9,0.1631,0.123,"PASS",50,0.1925,0.123,"PASS",15,0.191,0.1235,"PASS",65,0.2011,0.123,"PASS",91,0.1341,0.123,"PASS"
86,"HOX148","2014-04-14","2019-04-14",5,9,0.152,0.1225,"PASS",149,0.1427,0.1225,"PASS",120,0.1292,0.1225,"PASS",56,0.1395,0.1225,"PASS",75,0.1467,0.1225,"PASS",17,0.1584,0.1225,"PASS",30,0.2263,0.1225,"PASS",52,0.1611,0.1225,"PASS",30,0.1957,0.1225,"PASS",51,0.1894,0.1225,"PASS"
87,"HOX148","2009-04-14","2014-04-14",5,5,0.2511,0.1227,"PASS",11,0.2085,0.1223,"PASS",5,0.1566,0.1223,"PASS",35,0.1606,0.1223,"PASS",16,0.1653,0.1223,"PASS",11,0.173,0.1223,"PASS",35,0.1311,0.1223,"PASS",13,0.1507,0.1232,"PASS",29,0.1317,0.1223,"PASS",NA,NA,NA,"FAIL BOXCOX"
88,"HOX148","2000-10-31","2005-10-31",5,11,0.1659,0.123,"PASS",111,0.1654,0.123,"PASS",68,0.1868,0.123,"PASS",5,0.1687,0.123,"PASS",49,0.1482,0.123,"PASS",111,0.1584,0.123,"PASS",57,0.1402,0.123,"PASS",NA,NA,NA,"FAIL BOXCOX",57,0.177,0.123,"PASS",124,0.1647,0.123,"PASS"
89,"HWF187","2014-11-04","2019-11-04",5,71,0.1569,0.1227,"PASS",44,0.163,0.1223,"PASS",44,0.1711,0.1227,"PASS",NA,NA,NA,"FAIL BOXCOX",44,0.2074,0.1227,"PASS",44,0.1778,0.1223,"PASS",125,0.1435,0.1223,"PASS",32,0.1371,0.1223,"PASS",NA,NA,NA,"FAIL BOXCOX",NA,NA,NA,"FAIL BOXCOX"
90,"HWF187","2007-05-28","2012-05-28",5,57,0.1201,0.123,"FAIL",95,0.1577,0.123,"PASS",95,0.1395,0.123,"PASS",NA,NA,NA,"FAIL BOXCOX",4,0.1523,0.123,"PASS",21,0.1202,0.123,"FAIL",89,0.1488,0.123,"PASS",57,0.141,0.123,"PASS",NA,NA,NA,"FAIL BOXCOX",NA,NA,NA,"FAIL BOXCOX"
91,"HWF187","2002-05-28","2007-05-28",5,17,0.1121,0.1232,"FAIL",23,0.1397,0.1232,"PASS",5,0.1346,0.1232,"PASS",NA,NA,NA,"FAIL BOXCOX",18,0.149,0.1232,"PASS",23,0.1763,0.1232,"PASS",18,0.1592,0.1232,"PASS",23,0.1661,0.1232,"PASS",NA,NA,NA,"FAIL BOXCOX",56,0.1572,0.1232,"PASS"
92,"IRL141","2008-03-11","2013-03-11",5,182,0.1055,0.1227,"FAIL",7,0.125,0.1227,"PASS",69,0.1237,0.1227,"PASS",23,0.1311,0.1227,"PASS",29,0.1157,0.1227,"FAIL",100,0.1625,0.1227,"PASS",102,0.1433,0.1227,"PASS",31,0.2245,0.1232,"PASS",29,0.1791,0.1227,"PASS",55,0.1963,0.1227,"PASS"
93,"JOT403","2013-09-10","2018-09-10",5,11,0.1863,0.1227,"PASS",11,0.1552,0.1227,"PASS",152,0.1433,0.1227,"PASS",11,0.2362,0.1227,"PASS",11,0.2082,0.1227,"PASS",11,0.2264,0.1227,"PASS",62,0.144,0.1227,"PASS",108,0.1319,0.1227,"PASS",98,0.1523,0.1227,"PASS",98,0.1966,0.1227,"PASS"
94,"JOT403","2005-08-22","2010-08-22",5,19,0.1875,0.1235,"PASS",104,0.1393,0.1235,"PASS",54,0.202,0.1235,"PASS",23,0.1652,0.1235,"PASS",28,0.1706,0.1235,"PASS",159,0.1746,0.1235,"PASS",81,0.1874,0.1235,"PASS",28,0.1528,0.1235,"PASS",19,0.14,0.1235,"PASS",65,0.1474,0.1235,"PASS"
95,"JOT403","2000-08-22","2005-08-22",5,31,0.1483,0.1223,"PASS",98,0.1265,0.1223,"PASS",8,0.2129,0.1223,"PASS",11,0.2241,0.1223,"PASS",49,0.1556,0.1223,"PASS",11,0.2223,0.1223,"PASS",49,0.1825,0.1223,"PASS",49,0.1461,0.1223,"PASS",49,0.1988,0.1223,"PASS",118,0.1548,0.1223,"PASS"
96,"KEF112","2018-10-15","2023-10-15",5,73,0.1543,0.1225,"PASS",30,0.1581,0.1225,"PASS",129,0.1367,0.1225,"PASS",56,0.1701,0.1225,"PASS",9,0.1518,0.1225,"PASS",30,0.1443,0.1225,"PASS",40,0.155,0.1225,"PASS",52,0.1779,0.1227,"PASS",31,0.1634,0.1225,"PASS",48,0.1327,0.1225,"PASS"
97,"KEF112","2013-10-15","2018-10-15",5,48,0.1545,0.1223,"PASS",12,0.2237,0.1223,"PASS",5,0.1747,0.1223,"PASS",15,0.1663,0.1223,"PASS",12,0.161,0.1223,"PASS",12,0.2159,0.1223,"PASS",104,0.1728,0.1223,"PASS",44,0.1912,0.1232,"PASS",18,0.16,0.1223,"PASS",11,0.1426,0.1223,"PASS"
98,"KEF112","2007-12-25","2012-12-25",5,5,0.1402,0.1225,"PASS",25,0.2764,0.1225,"PASS",33,0.1545,0.1225,"PASS",NA,NA,NA,"FAIL BOXCOX",25,0.1799,0.1225,"PASS",25,0.3046,0.1225,"PASS",60,0.1706,0.1225,"PASS",29,0.1961,0.1235,"PASS",54,0.1411,0.1225,"PASS",6,0.1415,0.1225,"PASS"
99,"KNZ184","2012-02-28","2017-02-28",5,112,0.1286,0.122,"PASS",37,0.1674,0.122,"PASS",59,0.1308,0.122,"PASS",29,0.1774,0.122,"PASS",33,0.1613,0.122,"PASS",52,0.1881,0.122,"PASS",81,0.1559,0.122,"PASS",153,0.1207,0.122,"FAIL",21,0.1993,0.122,"PASS",51,0.1465,0.122,"PASS"
100,"KNZ184","2002-03-26","2007-03-26",5,49,0.1537,0.1216,"PASS",11,0.1739,0.1216,"PASS",6,0.1542,0.1216,"PASS",35,0.1762,0.1216,"PASS",7,0.1679,0.1216,"PASS",136,0.1246,0.1216,"PASS",35,0.1499,0.1216,"PASS",82,0.1303,0.1216,"PASS",76,0.1141,0.1216,"FAIL",91,0.1599,0.1216,"PASS"
101,"LAV410","2005-09-27","2010-09-27",5,54,0.2129,0.1227,"PASS",54,0.2254,0.1227,"PASS",46,0.1809,0.1227,"PASS",33,0.1608,0.1227,"PASS",33,0.2055,0.1227,"PASS",54,0.2224,0.1227,"PASS",10,0.1385,0.1227,"PASS",66,0.1612,0.1227,"PASS",NA,NA,NA,"FAIL BOXCOX",6,0.1845,0.1227,"PASS"
102,"LRL117","2016-11-01","2021-11-01",5,56,0.1412,0.1237,"PASS",9,0.1765,0.1237,"PASS",49,0.1383,0.1237,"PASS",NA,NA,NA,"FAIL BOXCOX",101,0.1465,0.1237,"PASS",30,0.2166,0.1237,"PASS",28,0.1657,0.1237,"PASS",9,0.1218,0.1237,"FAIL",33,0.1232,0.1237,"FAIL",33,0.164,0.1237,"PASS"
103,"LRL117","2007-10-09","2012-10-09",5,35,0.1365,0.122,"PASS",25,0.1646,0.122,"PASS",52,0.1659,0.122,"PASS",NA,NA,NA,"FAIL BOXCOX",52,0.2194,0.122,"PASS",85,0.1505,0.122,"PASS",65,0.2134,0.122,"PASS",29,0.2176,0.122,"PASS",65,0.17,0.122,"PASS",42,0.1332,0.122,"PASS"
104,"LRL117","2000-01-04","2005-01-04",5,42,0.1471,0.1213,"PASS",80,0.1487,0.1213,"PASS",122,0.1364,0.1213,"PASS",NA,NA,NA,"FAIL BOXCOX",55,0.1245,0.1213,"PASS",90,0.1341,0.1213,"PASS",27,0.1906,0.1213,"PASS",NA,NA,NA,"FAIL BOXCOX",37,0.1747,0.1213,"PASS",18,0.143,0.1213,"PASS"
105,"MAC426","2008-06-10","2013-06-10",5,47,0.1542,0.122,"PASS",42,0.1329,0.122,"PASS",29,0.1392,0.122,"PASS",58,0.1656,0.122,"PASS",52,0.1358,0.122,"PASS",119,0.1775,0.122,"PASS",76,0.1482,0.1225,"PASS",9,0.1832,0.1225,"PASS",39,0.1041,0.122,"FAIL",33,0.1539,0.122,"PASS"
106,"MAC426","2003-06-10","2008-06-10",5,53,0.1387,0.122,"PASS",14,0.1851,0.122,"PASS",38,0.1897,0.122,"PASS",8,0.1423,0.122,"PASS",62,0.1466,0.122,"PASS",103,0.1376,0.122,"PASS",11,0.1177,0.122,"FAIL",NA,NA,NA,"FAIL BOXCOX",20,0.1504,0.122,"PASS",73,0.1605,0.122,"PASS"
107,"MCK131","2019-06-18","2024-06-18",5,41,0.1471,0.1223,"PASS",50,0.168,0.1223,"PASS",9,0.2102,0.1223,"PASS",4,0.3206,0.1223,"PASS",83,0.1694,0.1223,"PASS",50,0.1793,0.1223,"PASS",23,0.1606,0.1223,"PASS",96,0.1628,0.1223,"PASS",10,0.2209,0.1223,"PASS",43,0.1397,0.1223,"PASS"
108,"MCK131","2010-08-10","2015-08-10",5,99,0.1385,0.1227,"PASS",54,0.1332,0.1227,"PASS",99,0.1584,0.1227,"PASS",73,0.1749,0.1227,"PASS",66,0.1656,0.1227,"PASS",36,0.1251,0.1227,"PASS",117,0.1402,0.1227,"PASS",18,0.1313,0.1232,"PASS",10,0.1398,0.1227,"PASS",33,0.2398,0.1227,"PASS"
109,"MCK231","2014-02-03","2019-02-03",5,70,0.1463,0.1225,"PASS",47,0.1628,0.1225,"PASS",18,0.1414,0.1225,"PASS",18,0.1436,0.1225,"PASS",18,0.1495,0.1225,"PASS",51,0.1662,0.1225,"PASS",70,0.1631,0.1225,"PASS",105,0.175,0.1235,"PASS",7,0.1368,0.1225,"PASS",44,0.1569,0.1225,"PASS"
110,"MCK231","2009-02-03","2014-02-03",5,49,0.1614,0.1232,"PASS",6,0.1385,0.1232,"PASS",25,0.1623,0.1232,"PASS",7,0.1968,0.1232,"PASS",85,0.1706,0.1232,"PASS",85,0.1475,0.1232,"PASS",7,0.1515,0.1232,"PASS",159,0.1244,0.1237,"PASS",10,0.1385,0.1232,"PASS",33,0.1716,0.1232,"PASS"
111,"MCK231","2000-10-03","2005-10-03",5,27,0.1591,0.1232,"PASS",4,0.1892,0.1232,"PASS",119,0.1618,0.1232,"PASS",36,0.1513,0.1232,"PASS",42,0.1424,0.1232,"PASS",4,0.1847,0.1232,"PASS",37,0.168,0.1232,"PASS",6,0.1305,0.1232,"PASS",103,0.163,0.1232,"PASS",77,0.2126,0.1232,"PASS"
112,"MEV405","2010-11-16","2015-11-16",5,18,0.1446,0.1227,"PASS",28,0.159,0.1223,"PASS",39,0.1548,0.1223,"PASS",10,0.1858,0.1223,"PASS",55,0.1232,0.1223,"PASS",94,0.1489,0.1223,"PASS",80,0.1278,0.1223,"PASS",51,0.1564,0.1223,"PASS",62,0.119,0.1223,"FAIL",32,0.1732,0.1223,"PASS"
113,"MEV405","2004-05-18","2009-05-18",5,11,0.2326,0.1223,"PASS",21,0.1873,0.1223,"PASS",153,0.1359,0.1223,"PASS",34,0.1825,0.1223,"PASS",105,0.142,0.1223,"PASS",80,0.1518,0.1223,"PASS",31,0.1595,0.1223,"PASS",5,0.1379,0.1223,"PASS",5,0.171,0.1223,"PASS",102,0.1514,0.1223,"PASS"
114,"MKG113","2015-01-04","2020-01-04",5,22,0.1283,0.1216,"PASS",81,0.1691,0.1216,"PASS",35,0.1661,0.1216,"PASS",101,0.1264,0.1216,"PASS",12,0.1448,0.1216,"PASS",81,0.1709,0.1216,"PASS",33,0.1865,0.1216,"PASS",6,0.198,0.1216,"PASS",56,0.1298,0.1216,"PASS",46,0.1604,0.1216,"PASS"
115,"MKG113","2010-01-04","2015-01-04",5,44,0.1758,0.1235,"PASS",133,0.1333,0.123,"PASS",44,0.1522,0.123,"PASS",8,0.1504,0.123,"PASS",44,0.1384,0.123,"PASS",25,0.1552,0.123,"PASS",54,0.1795,0.1235,"PASS",31,0.121,0.123,"FAIL",31,0.1564,0.123,"PASS",105,0.1937,0.123,"PASS"
116,"MKG113","2005-01-04","2010-01-04",5,109,0.1755,0.1216,"PASS",66,0.1694,0.1216,"PASS",28,0.1455,0.1216,"PASS",67,0.1325,0.1216,"PASS",109,0.1804,0.1216,"PASS",66,0.1501,0.1216,"PASS",17,0.165,0.1216,"PASS",47,0.1335,0.1216,"PASS",94,0.1765,0.1216,"PASS",102,0.1408,0.1216,"PASS"
117,"MKG113","2000-01-04","2005-01-04",5,5,0.1967,0.1227,"PASS",42,0.1505,0.1227,"PASS",99,0.1481,0.1227,"PASS",131,0.1285,0.1227,"PASS",36,0.1942,0.1227,"PASS",167,0.1324,0.1227,"PASS",90,0.1197,0.1227,"FAIL",77,0.1659,0.1227,"PASS",90,0.128,0.1227,"PASS",41,0.1911,0.1227,"PASS"
118,"OLY421","2000-01-04","2005-01-04",5,43,0.1881,0.1237,"PASS",6,0.1645,0.1237,"PASS",22,0.1789,0.1237,"PASS",21,0.1681,0.1237,"PASS",155,0.1604,0.1237,"PASS",58,0.1981,0.1237,"PASS",59,0.1381,0.1237,"PASS",63,0.1338,0.1237,"PASS",70,0.1414,0.1237,"PASS",136,0.158,0.1237,"PASS"
119,"OXF122","2016-02-08","2021-02-08",5,42,0.1427,0.123,"PASS",42,0.184,0.123,"PASS",110,0.1378,0.123,"PASS",NA,NA,NA,"FAIL BOXCOX",148,0.1172,0.123,"FAIL",14,0.1339,0.123,"PASS",28,0.1696,0.123,"PASS",52,0.1455,0.123,"PASS",28,0.1673,0.123,"PASS",43,0.1958,0.123,"PASS"
120,"OXF122","2011-02-08","2016-02-08",5,91,0.1762,0.1242,"PASS",51,0.1354,0.1242,"PASS",109,0.1415,0.1242,"PASS",104,0.1403,0.1242,"PASS",97,0.1173,0.1242,"FAIL",113,0.1371,0.1242,"PASS",60,0.1508,0.1242,"PASS",30,0.1448,0.1242,"PASS",60,0.1906,0.1242,"PASS",33,0.1588,0.1242,"PASS"
121,"OXF122","2005-01-04","2010-01-04",5,91,0.1847,0.1235,"PASS",37,0.1576,0.1235,"PASS",19,0.1627,0.1235,"PASS",92,0.1524,0.1235,"PASS",43,0.1587,0.1235,"PASS",11,0.1842,0.1235,"PASS",59,0.2187,0.1235,"PASS",11,0.1515,0.1235,"PASS",59,0.2632,0.1235,"PASS",19,0.1605,0.1235,"PASS"
122,"OXF122","2000-01-04","2005-01-04",5,75,0.1679,0.1223,"PASS",95,0.1268,0.1223,"PASS",71,0.165,0.1218,"PASS",69,0.1496,0.1223,"PASS",159,0.1656,0.1223,"PASS",78,0.1691,0.1223,"PASS",61,0.1501,0.1223,"PASS",NA,NA,NA,"FAIL BOXCOX",61,0.1734,0.1223,"PASS",87,0.1245,0.1223,"PASS"
123,"PAL190","2016-05-17","2021-05-17",5,37,0.1677,0.1232,"PASS",13,0.1786,0.1232,"PASS",4,0.2703,0.1232,"PASS",56,0.2253,0.1232,"PASS",43,0.1604,0.1232,"PASS",112,0.2102,0.1232,"PASS",39,0.1481,0.1232,"PASS",11,0.1318,0.1232,"PASS",39,0.1306,0.1232,"PASS",11,0.136,0.1232,"PASS"
124,"PAL190","2007-04-24","2012-04-24",5,50,0.1753,0.1242,"PASS",59,0.1625,0.1242,"PASS",21,0.1923,0.1237,"PASS",43,0.1648,0.1242,"PASS",56,0.1495,0.1242,"PASS",8,0.1372,0.1242,"PASS",68,0.1785,0.1242,"PASS",30,0.181,0.1242,"PASS",22,0.215,0.1242,"PASS",22,0.1779,0.1242,"PASS"
125,"PAR107","2008-02-05","2013-02-05",5,73,0.155,0.1225,"PASS",23,0.1288,0.1225,"PASS",10,0.2691,0.1225,"PASS",NA,NA,NA,"FAIL BOXCOX",65,0.1898,0.1225,"PASS",16,0.1588,0.1225,"PASS",65,0.1945,0.1225,"PASS",48,0.1838,0.1225,"PASS",65,0.2171,0.1225,"PASS",17,0.1949,0.1225,"PASS"
126,"PAR107","2001-11-27","2006-11-27",5,17,0.1116,0.1218,"FAIL",35,0.1629,0.1218,"PASS",12,0.1735,0.1218,"PASS",NA,NA,NA,"FAIL BOXCOX",15,0.1654,0.1218,"PASS",90,0.157,0.1218,"PASS",7,0.1555,0.1218,"PASS",NA,NA,NA,"FAIL BOXCOX",7,0.1876,0.1218,"PASS",7,0.1439,0.1218,"PASS"
127,"PED108","2004-07-13","2009-07-13",5,88,0.134,0.1237,"PASS",70,0.1588,0.1237,"PASS",110,0.1034,0.1237,"FAIL",NA,NA,NA,"FAIL BOXCOX",39,0.1188,0.1237,"FAIL",70,0.1927,0.1237,"PASS",72,0.202,0.1237,"PASS",63,0.1631,0.1237,"PASS",60,0.1322,0.1237,"PASS",54,0.1584,0.1237,"PASS"
128,"PET427","2007-09-24","2012-09-24",5,4,0.1412,0.1225,"PASS",175,0.1367,0.1225,"PASS",4,0.2435,0.1225,"PASS",4,0.1632,0.1225,"PASS",4,0.1635,0.1225,"PASS",41,0.1222,0.1225,"FAIL",26,0.1896,0.1225,"PASS",76,0.1995,0.1225,"PASS",76,0.1625,0.1225,"PASS",20,0.1669,0.1225,"PASS"
129,"PET427","2002-09-24","2007-09-24",5,32,0.1806,0.1245,"PASS",54,0.129,0.1245,"PASS",20,0.1312,0.124,"PASS",5,0.174,0.1245,"PASS",20,0.1699,0.1245,"PASS",47,0.1381,0.1245,"PASS",21,0.1248,0.1245,"PASS",77,0.1038,0.1245,"FAIL",18,0.1313,0.1245,"PASS",54,0.1644,0.1245,"PASS"
130,"PIN414","2000-01-04","2005-01-04",5,49,0.1983,0.1223,"PASS",15,0.1863,0.1223,"PASS",54,0.1822,0.1223,"PASS",37,0.1661,0.1223,"PASS",35,0.1815,0.1223,"PASS",45,0.1757,0.1223,"PASS",99,0.14,0.1223,"PASS",106,0.1131,0.1223,"FAIL",32,0.2131,0.1223,"PASS",32,0.23,0.1223,"PASS"
131,"PND165","2017-07-24","2022-07-24",5,73,0.1476,0.124,"PASS",19,0.1945,0.1235,"PASS",46,0.1692,0.1235,"PASS",134,0.1245,0.1235,"PASS",7,0.1733,0.1235,"PASS",9,0.149,0.1235,"PASS",24,0.1172,0.1235,"FAIL",99,0.1316,0.1235,"PASS",NA,NA,NA,"FAIL BOXCOX",11,0.206,0.1235,"PASS"
132,"PND165","2012-07-24","2017-07-24",5,94,0.1777,0.1232,"PASS",4,0.2421,0.1232,"PASS",49,0.189,0.1232,"PASS",25,0.1814,0.1232,"PASS",105,0.1962,0.1232,"PASS",56,0.1975,0.1232,"PASS",114,0.1338,0.1232,"PASS",NA,NA,NA,"FAIL BOXCOX",NA,NA,NA,"FAIL BOXCOX",18,0.1536,0.1232,"PASS"
133,"PNF126","2010-01-04","2015-01-04",5,47,0.1551,0.1245,"PASS",29,0.1414,0.1245,"PASS",61,0.183,0.1245,"PASS",63,0.1367,0.1245,"PASS",51,0.1515,0.1245,"PASS",5,0.1401,0.1245,"PASS",51,0.1541,0.1245,"PASS",24,0.1897,0.1245,"PASS",53,0.1327,0.1245,"PASS",33,0.2189,0.1245,"PASS"
134,"PNF126","2005-01-04","2010-01-04",5,8,0.133,0.122,"PASS",4,0.1382,0.122,"PASS",114,0.1383,0.122,"PASS",NA,NA,NA,"FAIL BOXCOX",4,0.1302,0.122,"PASS",4,0.1344,0.122,"PASS",44,0.1278,0.122,"PASS",96,0.1522,0.122,"PASS",44,0.1718,0.122,"PASS",98,0.157,0.122,"PASS"
135,"PNF126","2000-01-04","2005-01-04",5,48,0.139,0.1237,"PASS",24,0.2061,0.1237,"PASS",26,0.1917,0.1237,"PASS",NA,NA,NA,"FAIL BOXCOX",15,0.1543,0.1237,"PASS",4,0.1997,0.1237,"PASS",37,0.1328,0.1237,"PASS",17,0.189,0.1237,"PASS",26,0.1319,0.1237,"PASS",31,0.1547,0.1242,"PASS"
136,"PRK134","2017-12-04","2022-12-04",5,65,0.152,0.1216,"PASS",6,0.156,0.1216,"PASS",52,0.219,0.1216,"PASS",37,0.1768,0.1216,"PASS",52,0.2156,0.1216,"PASS",49,0.1969,0.1216,"PASS",37,0.1685,0.1216,"PASS",52,0.1925,0.1216,"PASS",52,0.1591,0.1216,"PASS",20,0.1371,0.1216,"PASS"
137,"PRK134","2012-12-04","2017-12-04",5,5,0.1305,0.1223,"PASS",27,0.1335,0.1223,"PASS",45,0.1616,0.1223,"PASS",51,0.1933,0.1223,"PASS",10,0.1392,0.1223,"PASS",58,0.1611,0.1223,"PASS",74,0.1782,0.1223,"PASS",101,0.185,0.1223,"PASS",74,0.1612,0.1223,"PASS",37,0.1536,0.1223,"PASS"
138,"PRK134","2000-01-04","2005-01-04",5,16,0.1727,0.1237,"PASS",68,0.152,0.1232,"PASS",98,0.1206,0.1237,"FAIL",18,0.135,0.1232,"PASS",71,0.1822,0.1237,"PASS",95,0.1558,0.1232,"PASS",18,0.1306,0.1232,"PASS",NA,NA,NA,"FAIL BOXCOX",27,0.1269,0.1232,"PASS",48,0.2394,0.1232,"PASS"
139,"PSU106","2015-01-04","2020-01-04",5,38,0.1746,0.1235,"PASS",12,0.1872,0.1235,"PASS",41,0.1288,0.1235,"PASS",61,0.1093,0.1235,"FAIL",35,0.1459,0.1235,"PASS",12,0.1886,0.1235,"PASS",85,0.1438,0.1235,"PASS",25,0.1054,0.124,"FAIL",56,0.1374,0.1235,"PASS",81,0.1041,0.1235,"FAIL"
140,"PSU106","2010-01-04","2015-01-04",5,25,0.1241,0.123,"PASS",133,0.1732,0.123,"PASS",22,0.1918,0.123,"PASS",40,0.1417,0.123,"PASS",27,0.1733,0.123,"PASS",25,0.1839,0.123,"PASS",40,0.2741,0.123,"PASS",47,0.18,0.123,"PASS",40,0.2354,0.123,"PASS",6,0.1859,0.123,"PASS"
141,"PSU106","2005-01-04","2010-01-04",5,114,0.1293,0.123,"PASS",6,0.1681,0.123,"PASS",46,0.1485,0.123,"PASS",59,0.1423,0.123,"PASS",91,0.1686,0.123,"PASS",32,0.1736,0.123,"PASS",17,0.1939,0.123,"PASS",60,0.1395,0.123,"PASS",17,0.1698,0.123,"PASS",54,0.1797,0.123,"PASS"
142,"PSU106","2000-01-04","2005-01-04",5,47,0.1601,0.1218,"PASS",15,0.1315,0.1218,"PASS",78,0.1854,0.1218,"PASS",62,0.186,0.1218,"PASS",167,0.1546,0.1218,"PASS",110,0.1317,0.1218,"PASS",42,0.125,0.1218,"PASS",NA,NA,NA,"FAIL BOXCOX",NA,NA,NA,"FAIL BOXCOX",112,0.102,0.1218,"FAIL"
143,"QAK172","2012-07-10","2017-07-10",5,101,0.1621,0.1223,"PASS",24,0.178,0.1223,"PASS",129,0.1268,0.1223,"PASS",68,0.1568,0.1223,"PASS",52,0.1674,0.1223,"PASS",24,0.1803,0.1223,"PASS",59,0.1591,0.1223,"PASS",47,0.1345,0.1223,"PASS",59,0.1335,0.1223,"PASS",78,0.1807,0.1223,"PASS"
144,"QAK172","2005-01-04","2010-01-04",5,84,0.128,0.1225,"PASS",NA,NA,NA,"FAIL BOXCOX",47,0.1746,0.1225,"PASS",25,0.1427,0.1225,"PASS",35,0.127,0.1225,"PASS",14,0.1637,0.1225,"PASS",49,0.1424,0.1225,"PASS",NA,NA,NA,"FAIL BOXCOX",59,0.1547,0.1225,"PASS",19,0.1553,0.1225,"PASS"
145,"QAK172","2000-01-04","2005-01-04",5,67,0.1645,0.1218,"PASS",99,0.1395,0.1218,"PASS",24,0.1577,0.1218,"PASS",98,0.1439,0.1218,"PASS",24,0.1435,0.1218,"PASS",17,0.1488,0.1223,"PASS",42,0.1686,0.1223,"PASS",67,0.1427,0.1223,"PASS",42,0.1898,0.1223,"PASS",25,0.2222,0.1223,"PASS"
146,"RED004","2014-09-23","2019-09-23",5,33,0.1476,0.1223,"PASS",34,0.1316,0.1223,"PASS",105,0.1413,0.1223,"PASS",43,0.1597,0.1223,"PASS",140,0.1603,0.1223,"PASS",140,0.1353,0.1223,"PASS",79,0.1718,0.1223,"PASS",6,0.151,0.1223,"PASS",76,0.1482,0.1223,"PASS",85,0.1578,0.1223,"PASS"
147,"ROM206","2016-12-26","2021-12-26",5,7,0.1312,0.1216,"PASS",90,0.1651,0.1216,"PASS",50,0.137,0.1216,"PASS",9,0.1932,0.1216,"PASS",21,0.1212,0.1216,"FAIL",9,0.1985,0.1216,"PASS",4,0.1792,0.1216,"PASS",4,0.1606,0.122,"PASS",NA,NA,NA,"FAIL BOXCOX",4,0.1797,0.1216,"PASS"
148,"ROM206","2011-12-26","2016-12-26",5,96,0.1719,0.1225,"PASS",86,0.1286,0.1225,"PASS",21,0.1227,0.1225,"PASS",16,0.1602,0.1225,"PASS",55,0.1615,0.1225,"PASS",94,0.1572,0.1225,"PASS",108,0.1506,0.1225,"PASS",14,0.1411,0.1225,"PASS",NA,NA,NA,"FAIL BOXCOX",140,0.1477,0.1225,"PASS"
149,"ROM206","2006-12-26","2011-12-26",5,43,0.1849,0.1232,"PASS",11,0.2068,0.1232,"PASS",17,0.2522,0.1232,"PASS",56,0.1977,0.1232,"PASS",56,0.2138,0.1232,"PASS",45,0.1951,0.1232,"PASS",45,0.1877,0.1232,"PASS",45,0.1424,0.1232,"PASS",NA,NA,NA,"FAIL BOXCOX",28,0.1802,0.1232,"PASS"
150,"ROM406","2010-01-04","2015-01-04",5,21,0.1526,0.1235,"PASS",11,0.2186,0.1235,"PASS",10,0.1735,0.1235,"PASS",96,0.1664,0.1235,"PASS",11,0.1535,0.1235,"PASS",90,0.1369,0.1235,"PASS",7,0.2015,0.1235,"PASS",45,0.1787,0.1235,"PASS",NA,NA,NA,"FAIL BOXCOX",65,0.1246,0.1235,"PASS"
151,"ROM406","2005-01-04","2010-01-04",5,83,0.1437,0.1223,"PASS",45,0.2297,0.1223,"PASS",17,0.1491,0.1223,"PASS",28,0.1539,0.1223,"PASS",31,0.1742,0.1223,"PASS",29,0.1666,0.1223,"PASS",45,0.1482,0.1223,"PASS",53,0.1603,0.1223,"PASS",NA,NA,NA,"FAIL BOXCOX",45,0.175,0.1223,"PASS"
152,"ROM406","2000-01-04","2005-01-04",5,32,0.2045,0.1225,"PASS",20,0.1976,0.1216,"PASS",49,0.2174,0.122,"PASS",125,0.1364,0.1216,"PASS",49,0.2275,0.122,"PASS",49,0.1514,0.1216,"PASS",10,0.1672,0.1216,"PASS",79,0.1882,0.1216,"PASS",NA,NA,NA,"FAIL BOXCOX",117,0.1499,0.1216,"PASS"
153,"SAL133","2018-06-12","2023-06-12",5,41,0.1077,0.1223,"FAIL",9,0.17,0.1223,"PASS",69,0.1602,0.1223,"PASS",153,0.1422,0.1223,"PASS",55,0.1695,0.1223,"PASS",26,0.2261,0.1223,"PASS",52,0.1932,0.1223,"PASS",52,0.2718,0.1223,"PASS",52,0.2006,0.1223,"PASS",40,0.1095,0.1223,"FAIL"
154,"SAL133","2009-05-12","2014-05-12",5,5,0.207,0.1227,"PASS",30,0.1645,0.1227,"PASS",29,0.143,0.1227,"PASS",NA,NA,NA,"FAIL BOXCOX",199,0.1558,0.1227,"PASS",30,0.1219,0.1227,"FAIL",89,0.124,0.1227,"PASS",52,0.1604,0.1227,"PASS",74,0.1264,0.1227,"PASS",105,0.1259,0.1227,"PASS"
155,"SAN189","2007-03-06","2012-03-06",5,16,0.1366,0.1235,"PASS",5,0.1797,0.123,"PASS",54,0.1315,0.123,"PASS",6,0.1731,0.123,"PASS",105,0.1443,0.123,"PASS",5,0.1347,0.123,"PASS",20,0.1403,0.123,"PASS",46,0.1848,0.123,"PASS",27,0.1265,0.123,"PASS",62,0.1148,0.123,"FAIL"
156,"SEK430","2013-08-26","2018-08-26",5,8,0.1374,0.123,"PASS",8,0.1917,0.123,"PASS",33,0.1487,0.123,"PASS",160,0.1304,0.123,"PASS",8,0.1439,0.123,"PASS",160,0.148,0.123,"PASS",48,0.1802,0.123,"PASS",50,0.1613,0.1235,"PASS",50,0.1796,0.123,"PASS",48,0.1363,0.123,"PASS"
157,"SEK430","2008-08-26","2013-08-26",5,NA,NA,NA,"FAIL BOXCOX",53,0.1692,0.1218,"PASS",8,0.1234,0.1218,"PASS",56,0.1782,0.1218,"PASS",56,0.1526,0.1218,"PASS",56,0.2233,0.1218,"PASS",59,0.1181,0.1218,"FAIL",6,0.2095,0.1218,"PASS",67,0.1143,0.1218,"FAIL",55,0.1756,0.1218,"PASS"
158,"SHN418","2014-12-02","2019-12-02",5,48,0.1269,0.124,"PASS",9,0.1802,0.124,"PASS",69,0.1516,0.124,"PASS",74,0.2178,0.124,"PASS",107,0.1322,0.124,"PASS",107,0.1837,0.124,"PASS",8,0.1628,0.124,"PASS",54,0.1669,0.1247,"PASS",48,0.1788,0.124,"PASS",153,0.1127,0.124,"FAIL"
159,"SHN418","2005-06-07","2010-06-07",5,66,0.128,0.1257,"PASS",16,0.2289,0.1257,"PASS",23,0.1692,0.1257,"PASS",113,0.1475,0.1257,"PASS",52,0.1761,0.1257,"PASS",16,0.1997,0.1257,"PASS",72,0.1724,0.1257,"PASS",19,0.1631,0.1263,"PASS",44,0.129,0.1257,"PASS",46,0.2082,0.1257,"PASS"
160,"SND152","2019-02-04","2024-02-04",5,90,0.1264,0.1216,"PASS",38,0.1285,0.1216,"PASS",27,0.1447,0.1216,"PASS",50,0.1764,0.1216,"PASS",50,0.2161,0.1216,"PASS",50,0.1773,0.1216,"PASS",10,0.1585,0.1216,"PASS",90,0.1783,0.1216,"PASS",61,0.1758,0.1216,"PASS",43,0.1761,0.1216,"PASS"
161,"SND152","2014-02-04","2019-02-04",5,56,0.2234,0.1232,"PASS",18,0.14,0.1232,"PASS",93,0.205,0.1232,"PASS",5,0.1767,0.1232,"PASS",18,0.167,0.1232,"PASS",40,0.1701,0.1232,"PASS",81,0.159,0.1232,"PASS",31,0.1221,0.1232,"FAIL",75,0.2179,0.1232,"PASS",68,0.1718,0.1232,"PASS"
162,"SND152","2004-07-06","2009-07-06",5,86,0.1627,0.1227,"PASS",126,0.1353,0.1227,"PASS",60,0.1717,0.1227,"PASS",42,0.1349,0.1227,"PASS",67,0.1939,0.1227,"PASS",67,0.1916,0.1227,"PASS",31,0.1337,0.1227,"PASS",17,0.1691,0.1227,"PASS",112,0.138,0.1227,"PASS",6,0.1977,0.1227,"PASS"
163,"SPD111","2011-01-03","2016-01-03",5,105,0.171,0.1216,"PASS",6,0.1327,0.1216,"PASS",89,0.1703,0.1216,"PASS",5,0.1448,0.1216,"PASS",55,0.1614,0.1216,"PASS",55,0.1477,0.1216,"PASS",5,0.1519,0.1216,"PASS",53,0.1552,0.1216,"PASS",24,0.1607,0.1216,"PASS",33,0.2293,0.1216,"PASS"
164,"SPD111","2006-01-03","2011-01-03",5,22,0.2299,0.1223,"PASS",106,0.146,0.1223,"PASS",56,0.179,0.1223,"PASS",52,0.1397,0.1223,"PASS",142,0.1512,0.1223,"PASS",4,0.1927,0.1223,"PASS",76,0.1634,0.1223,"PASS",55,0.1588,0.1227,"PASS",147,0.1327,0.1223,"PASS",19,0.1488,0.1223,"PASS"
165,"STK138","2018-05-29","2023-05-29",5,43,0.1741,0.1227,"PASS",6,0.2074,0.1227,"PASS",48,0.1825,0.1227,"PASS",6,0.1564,0.1227,"PASS",6,0.2343,0.1227,"PASS",49,0.1852,0.1227,"PASS",25,0.1929,0.1227,"PASS",52,0.1714,0.1227,"PASS",25,0.168,0.1227,"PASS",28,0.1416,0.1227,"PASS"
166,"STK138","2009-03-31","2014-03-31",5,5,0.154,0.1227,"PASS",26,0.163,0.1227,"PASS",155,0.1639,0.1227,"PASS",4,0.151,0.1227,"PASS",26,0.1511,0.1227,"PASS",26,0.1789,0.1227,"PASS",13,0.1746,0.1227,"PASS",45,0.1655,0.1232,"PASS",82,0.141,0.1227,"PASS",81,0.1601,0.1227,"PASS"
167,"SUM156","2010-07-06","2015-07-06",5,74,0.1264,0.1227,"PASS",49,0.1788,0.1227,"PASS",65,0.1624,0.1227,"PASS",27,0.2145,0.1227,"PASS",47,0.2254,0.1227,"PASS",37,0.1307,0.1227,"PASS",12,0.1131,0.1227,"FAIL",60,0.143,0.1227,"PASS",55,0.233,0.1227,"PASS",27,0.2113,0.1227,"PASS"
168,"UMA009","2020-11-03","2025-11-03",5,39,0.2092,0.1237,"PASS",99,0.1868,0.1237,"PASS",63,0.1754,0.1232,"PASS",13,0.1654,0.1237,"PASS",46,0.1694,0.1237,"PASS",46,0.2032,0.1237,"PASS",6,0.1293,0.1232,"PASS",52,0.183,0.1232,"PASS",NA,NA,NA,"FAIL BOXCOX",18,0.1313,0.1232,"PASS"
169,"UVL124","2012-03-27","2017-03-27",5,8,0.1974,0.1225,"PASS",51,0.1854,0.1225,"PASS",104,0.1816,0.1225,"PASS",149,0.1478,0.1225,"PASS",152,0.1643,0.1225,"PASS",51,0.1662,0.1225,"PASS",38,0.1538,0.1225,"PASS",83,0.1246,0.1225,"PASS",38,0.1365,0.1225,"PASS",49,0.1676,0.1225,"PASS"
170,"UVL124","2007-03-27","2012-03-27",5,11,0.1716,0.1225,"PASS",66,0.1853,0.1225,"PASS",66,0.1612,0.1225,"PASS",NA,NA,NA,"FAIL BOXCOX",66,0.1616,0.1225,"PASS",11,0.2005,0.1225,"PASS",17,0.1413,0.1225,"PASS",28,0.1518,0.1225,"PASS",34,0.1371,0.1225,"PASS",34,0.1816,0.1225,"PASS"
171,"UVL124","2000-01-04","2005-01-04",5,11,0.1836,0.1218,"PASS",68,0.1694,0.1218,"PASS",68,0.1904,0.1218,"PASS",5,0.1626,0.1218,"PASS",95,0.1725,0.1218,"PASS",68,0.1546,0.1218,"PASS",57,0.1738,0.1218,"PASS",29,0.1231,0.1218,"PASS",57,0.1638,0.1218,"PASS",32,0.1933,0.1218,"PASS"
172,"VIN140","2014-01-27","2019-01-27",5,98,0.149,0.1225,"PASS",9,0.1611,0.1225,"PASS",128,0.171,0.1225,"PASS",18,0.1472,0.1225,"PASS",104,0.1248,0.1225,"PASS",20,0.1636,0.1225,"PASS",28,0.2005,0.1225,"PASS",72,0.1651,0.1225,"PASS",28,0.1868,0.1225,"PASS",26,0.179,0.1225,"PASS"
173,"VIN140","2009-01-27","2014-01-27",5,80,0.1597,0.1216,"PASS",14,0.1542,0.1216,"PASS",29,0.1696,0.1216,"PASS",110,0.1661,0.1216,"PASS",87,0.1327,0.1216,"PASS",42,0.1349,0.1216,"PASS",85,0.17,0.1216,"PASS",33,0.1629,0.1216,"PASS",66,0.142,0.1216,"PASS",33,0.1635,0.1216,"PASS"
174,"VIN140","2004-01-27","2009-01-27",5,117,0.1931,0.1225,"PASS",37,0.1505,0.1225,"PASS",63,0.1358,0.1225,"PASS",102,0.1618,0.1225,"PASS",56,0.1547,0.1225,"PASS",11,0.1421,0.1225,"PASS",32,0.1885,0.1225,"PASS",105,0.1392,0.1225,"PASS",51,0.1596,0.1225,"PASS",34,0.1717,0.1225,"PASS"
175,"VOY413","2001-03-06","2006-03-06",5,5,0.1097,0.1232,"FAIL",37,0.1664,0.1232,"PASS",68,0.161,0.1232,"PASS",85,0.1332,0.1232,"PASS",71,0.1652,0.1232,"PASS",158,0.1694,0.1232,"PASS",71,0.137,0.1232,"PASS",96,0.1578,0.1232,"PASS",56,0.1855,0.1232,"PASS",NA,NA,0.1232,"FAIL"
176,"VPI120","2012-07-03","2017-07-03",5,5,0.1873,0.1237,"PASS",55,0.1713,0.1237,"PASS",103,0.1154,0.1237,"FAIL",51,0.2106,0.1237,"PASS",14,0.1455,0.1237,"PASS",42,0.1299,0.1237,"PASS",7,0.1353,0.1237,"PASS",117,0.1326,0.1237,"PASS",51,0.1114,0.1237,"FAIL",72,0.1351,0.1237,"PASS"
177,"VPI120","2005-01-04","2010-01-04",5,20,0.1659,0.1245,"PASS",23,0.1753,0.1245,"PASS",26,0.1666,0.1245,"PASS",44,0.1403,0.1245,"PASS",20,0.222,0.1245,"PASS",23,0.1397,0.1245,"PASS",5,0.1438,0.1245,"PASS",28,0.1306,0.1245,"PASS",44,0.1235,0.1245,"FAIL",46,0.1314,0.1245,"PASS"
178,"VPI120","2000-01-04","2005-01-04",5,37,0.17,0.1223,"PASS",76,0.1494,0.1223,"PASS",11,0.2087,0.1223,"PASS",15,0.23,0.1223,"PASS",13,0.1513,0.1223,"PASS",52,0.1617,0.1223,"PASS",37,0.1874,0.1223,"PASS",52,0.1715,0.1223,"PASS",26,0.1304,0.1223,"PASS",15,0.1397,0.1223,"PASS"
179,"WFM105","2018-06-12","2023-06-12",5,93,0.1318,0.1223,"PASS",15,0.1326,0.1223,"PASS",77,0.1638,0.1223,"PASS",117,0.1495,0.1223,"PASS",50,0.1352,0.1223,"PASS",59,0.1351,0.1223,"PASS",18,0.1473,0.1223,"PASS",NA,NA,NA,"FAIL BOXCOX",18,0.1835,0.1223,"PASS",99,0.1762,0.1223,"PASS"
180,"WFM105","2013-05-28","2018-05-28",5,142,0.1523,0.1227,"PASS",32,0.1844,0.1227,"PASS",17,0.1272,0.1227,"PASS",55,0.1508,0.1227,"PASS",32,0.1583,0.1227,"PASS",32,0.149,0.1227,"PASS",4,0.1346,0.1227,"PASS",66,0.1836,0.1227,"PASS",NA,NA,NA,"FAIL BOXCOX",22,0.207,0.1227,"PASS"
181,"WNC429","2004-06-15","2009-06-15",5,47,0.1909,0.1227,"PASS",31,0.1687,0.1227,"PASS",51,0.144,0.1227,"PASS",11,0.1981,0.1227,"PASS",88,0.1878,0.1227,"PASS",41,0.1758,0.1227,"PASS",4,0.2032,0.1227,"PASS",34,0.1683,0.1227,"PASS",NA,NA,NA,"FAIL BOXCOX",9,0.1263,0.1227,"PASS"
182,"WSP144","2017-11-06","2022-11-06",5,96,0.1511,0.1225,"PASS",18,0.1299,0.1225,"PASS",52,0.1706,0.1225,"PASS",49,0.2152,0.1225,"PASS",9,0.2003,0.1225,"PASS",25,0.1508,0.1225,"PASS",31,0.1771,0.1225,"PASS",52,0.1527,0.1225,"PASS",91,0.1963,0.1225,"PASS",91,0.1255,0.1225,"PASS"
183,"WSP144","2012-11-06","2017-11-06",5,215,0.1229,0.1218,"PASS",39,0.1819,0.1218,"PASS",147,0.1533,0.1218,"PASS",19,0.1656,0.1218,"PASS",9,0.1642,0.1218,"PASS",79,0.1762,0.1218,"PASS",30,0.173,0.1218,"PASS",9,0.1695,0.1218,"PASS",4,0.1758,0.1218,"PASS",4,0.1401,0.1218,"PASS"
184,"WSP144","2005-01-04","2010-01-04",5,20,0.1597,0.1225,"PASS",175,0.1461,0.1225,"PASS",77,0.1626,0.1225,"PASS",50,0.1832,0.1225,"PASS",37,0.1899,0.1225,"PASS",175,0.1384,0.1225,"PASS",20,0.1997,0.1225,"PASS",9,0.1753,0.1225,"PASS",63,0.1072,0.1225,"FAIL",155,0.1187,0.1225,"FAIL"
185,"WSP144","2000-01-04","2005-01-04",5,107,0.1576,0.1213,"PASS",50,0.1447,0.1213,"PASS",112,0.1293,0.1213,"PASS",100,0.1829,0.1213,"PASS",15,0.1382,0.1213,"PASS",72,0.1536,0.1213,"PASS",124,0.1365,0.1213,"PASS",NA,NA,NA,"FAIL BOXCOX",49,0.1486,0.1213,"PASS",51,0.2262,0.1213,"PASS"
186,"WST109","2008-10-14","2013-10-14",5,8,0.1681,0.123,"PASS",76,0.1595,0.123,"PASS",76,0.1942,0.123,"PASS",NA,NA,NA,"FAIL BOXCOX",26,0.1461,0.123,"PASS",76,0.1339,0.123,"PASS",28,0.1703,0.123,"PASS",31,0.1602,0.1235,"PASS",NA,NA,NA,"FAIL BOXCOX",NA,NA,NA,"FAIL BOXCOX"
187,"WST109","2003-10-14","2008-10-14",5,34,0.1369,0.123,"PASS",23,0.2241,0.123,"PASS",37,0.2028,0.123,"PASS",NA,NA,NA,"FAIL BOXCOX",21,0.1783,0.123,"PASS",23,0.1924,0.123,"PASS",47,0.152,0.123,"PASS",123,0.1649,0.1235,"PASS",NA,NA,NA,"FAIL BOXCOX",103,0.1373,0.123,"PASS"
188,"YOS404","2000-01-04","2005-01-04",5,NA,NA,NA,"FAIL BOXCOX",40,0.1759,0.1227,"PASS",23,0.1436,0.1227,"PASS",84,0.1322,0.1227,"PASS",62,0.1319,0.1227,"PASS",58,0.1578,0.1227,"PASS",50,0.1596,0.1227,"PASS",50,0.1169,0.1227,"FAIL",NA,NA,NA,"FAIL BOXCOX",5,0.1504,0.1227,"PASS"
