"Seg_ID","SITE_ID","Start_Date","End_Date","Num_Years","fft_CA_Period","fft_CA_Power","fft_CA_Threshold","fft_CA_Status","fft_HNO3_Period","fft_HNO3_Power","fft_HNO3_Threshold","fft_HNO3_Status","fft_K_Period","fft_K_Power","fft_K_Threshold","fft_K_Status","fft_MG_Period","fft_MG_Power","fft_MG_Threshold","fft_MG_Status","fft_NH4_Period","fft_NH4_Power","fft_NH4_Threshold","fft_NH4_Status","fft_NO3_Period","fft_NO3_Power","fft_NO3_Threshold","fft_NO3_Status","fft_SO2_Period","fft_SO2_Power","fft_SO2_Threshold","fft_SO2_Status","fft_SO4_Period","fft_SO4_Power","fft_SO4_Threshold","fft_SO4_Status","fft_Sodium_Period","fft_Sodium_Power","fft_Sodium_Threshold","fft_Sodium_Status","fft_TNO3_Period","fft_TNO3_Power","fft_TNO3_Threshold","fft_TNO3_Status"
1,"ABT147","2005-01-04","2010-01-04",5,54,0.695281,0.566357,"[PASS]",54,2.03259,1.012745,"[PASS]",27,28.429106,8.30396,"[PASS]",7.71,0.931023,0.600189,"[PASS]",27,5.180679,1.132029,"[PASS]",54,38.768587,2.598873,"[PASS]",54,27.225733,1.667884,"[PASS]",54,2.509403,0.650119,"[PASS]",54,4.551235,0.99801,"[PASS]",54,3.055536,0.95085,"[PASS]"
2,"ABT147","2000-01-04","2005-01-04",5,135,0.62046,0.545106,"[PASS]",54,3.591075,1.181924,"[PASS]",NA,NA,NA,"FAIL BOXCOX",54,0.494027,0.267395,"[PASS]",27,2.179754,0.891231,"[PASS]",54,39.441996,2.603447,"[PASS]",54,24.972342,1.437206,"[PASS]",54,6.009954,0.865372,"[PASS]",54,3.369779,1.008237,"[PASS]",54,2.355871,0.788012,"[PASS]"
3,"ACA416","2005-10-17","2010-10-17",5,54,2.870529,1.326978,"[PASS]",54,5.074663,1.515472,"[PASS]",54,112.353724,53.654583,"[PASS]",24.55,0.992642,0.491435,"[PASS]",54,5.53941,1.413252,"[PASS]",54,17.983335,1.798438,"[PASS]",54,7.96995,1.152988,"[PASS]",54,3.436121,0.857682,"[PASS]",54,4.753934,0.896734,"[PASS]",27,1.32755,0.921425,"[PASS]"
4,"ACA416","2000-10-17","2005-10-17",5,54,3.411723,2.566834,"[PASS]",27,5.579372,1.771009,"[PASS]",NA,NA,NA,"FAIL BOXCOX",27,1.010394,0.418454,"[PASS]",54,6.274121,1.435655,"[PASS]",NA,NA,NA,"FAIL BOXCOX",54,11.128196,1.477869,"[PASS]",54,4.314385,0.943443,"[PASS]",54,3.349685,0.915156,"[PASS]",27,2.014035,1.185556,"[PASS]"
5,"ALC188","2014-03-18","2019-03-18",5,38.57,1.660906,0.837041,"[PASS]",45,0.870107,0.580788,"[PASS]",54,24.855829,5.102111,"[PASS]",54,4.276905,0.592773,"[PASS]",18,0.466521,0.223142,"[PASS]",54,2.090139,0.711122,"[PASS]",54,10.012856,0.732797,"[PASS]",54,4.841438,0.720348,"[PASS]",54,10.227797,1.575897,"[PASS]",54,0.66683,0.368575,"[PASS]"
6,"ALH157","2011-05-02","2016-05-02",5,54,3.083398,0.788913,"[PASS]",54,22.261042,1.342235,"[PASS]",54,18.511329,1.768985,"[PASS]",54,0.60063,0.094573,"[PASS]",54,3.693726,0.928169,"[PASS]",54,49.823596,2.332778,"[PASS]",54,3.63545,0.50267,"[PASS]",54,3.983293,0.74265,"[PASS]",54,18.046107,3.294603,"[PASS]",54,3.513526,0.342866,"[PASS]"
7,"ALH157","2006-05-02","2011-05-02",5,54,4.380091,1.107498,"[PASS]",54,23.319061,1.449189,"[PASS]",54,28.735636,2.821094,"[PASS]",54,0.846738,0.145618,"[PASS]",27,1.748335,0.78116,"[PASS]",54,73.023122,3.124499,"[PASS]",54,4.353611,0.620675,"[PASS]",54,2.301553,0.335639,"[PASS]",54,30.103639,4.333906,"[PASS]",54,7.725417,0.576383,"[PASS]"
8,"ALH157","2000-01-04","2005-01-04",5,54,2.206423,0.771614,"[PASS]",54,39.232615,2.204567,"[PASS]",54,28.192204,2.614431,"[PASS]",54,1.919728,0.311542,"[PASS]",27,1.915357,0.907203,"[PASS]",54,63.575839,2.897997,"[PASS]",54,0.960345,0.139624,"[PASS]",54,6.990086,0.674111,"[PASS]",54,12.232427,3.205143,"[PASS]",54,2.674614,0.347504,"[PASS]"
9,"ANA115","2017-03-07","2022-03-07",5,54,1.228666,0.707032,"[PASS]",54,10.335817,0.854286,"[PASS]",54,909.51492,93.30983,"[PASS]",54,4.046994,1.348716,"[PASS]",54,29.691758,2.172345,"[PASS]",54,112.943125,4.921563,"[PASS]",54,3.738549,0.604016,"[PASS]",27,0.845519,0.455774,"[PASS]",54,390.489671,23.565644,"[PASS]",54,16.979237,0.912605,"[PASS]"
10,"ANA115","2010-09-07","2015-09-07",5,27,2.051898,0.835279,"[PASS]",54,13.677848,1.03208,"[PASS]",54,93.812191,16.922951,"[PASS]",54,1.067884,0.363712,"[PASS]",54,7.64426,0.888599,"[PASS]",NA,NA,NA,"FAIL BOXCOX",54,9.513688,1.069028,"[PASS]",54,0.960056,0.547748,"[PASS]",54,196.169579,10.713878,"[PASS]",54,12.302452,0.744236,"[PASS]"
11,"ANA115","2000-01-04","2005-01-04",5,54,1.826565,0.534764,"[PASS]",54,18.251244,1.605679,"[PASS]",NA,NA,NA,"FAIL BOXCOX",54,2.153785,0.416471,"[PASS]",27,1.188714,0.74766,"[PASS]",54,124.685992,5.260826,"[PASS]",54,13.110249,1.192713,"[PASS]",54,3.623133,0.502563,"[PASS]",54,87.190043,4.928885,"[PASS]",54,6.807262,0.605948,"[PASS]"
12,"ARE128","2016-02-08","2021-02-08",5,54,0.555877,0.315416,"[PASS]",54,2.307744,0.482411,"[PASS]",54,29.67357,5.659911,"[PASS]",54,2.355465,0.585927,"[PASS]",54,7.215989,1.245053,"[PASS]",54,60.191216,3.263411,"[PASS]",54,11.118295,0.950183,"[PASS]",27,1.155317,0.33165,"[PASS]",54,14.908466,5.553252,"[PASS]",54,5.413749,0.420621,"[PASS]"
13,"ARE128","2011-02-08","2016-02-08",5,24.55,0.480855,0.214207,"[PASS]",54,2.743615,0.534161,"[PASS]",27,2.118426,0.629337,"[PASS]",24.55,4.128723,1.171744,"[PASS]",27,3.411552,0.696307,"[PASS]",54,74.130612,3.843201,"[PASS]",54,14.085621,1.259297,"[PASS]",54,1.976109,0.471912,"[PASS]",54,15.38573,3.549534,"[PASS]",54,5.824243,0.468724,"[PASS]"
14,"ARE128","2000-01-04","2005-01-04",5,22.5,0.422423,0.297512,"[PASS]",54,5.604335,1.096988,"[PASS]",NA,NA,NA,"FAIL BOXCOX",54,0.804174,0.465255,"[PASS]",54,4.504137,0.749709,"[PASS]",54,66.674934,3.971203,"[PASS]",54,10.892098,0.579621,"[PASS]",54,10.309798,0.689999,"[PASS]",54,8.28364,1.859091,"[PASS]",54,1.156815,0.204557,"[PASS]"
15,"ASH135","2014-01-27","2019-01-27",5,54,1.988144,0.548676,"[PASS]",27,2.549476,1.476669,"[PASS]",54,2.98774,0.728749,"[PASS]",NA,NA,NA,"FAIL BOXCOX",24.55,2.061401,1.232318,"[PASS]",NA,NA,NA,"FAIL BOXCOX",54,29.652074,2.131727,"[PASS]",54,3.486892,0.900279,"[PASS]",54,18.974008,1.594765,"[PASS]",54,24.394604,2.683016,"[PASS]"
16,"ASH135","2009-01-27","2014-01-27",5,54,7.839708,2.395962,"[PASS]",24.55,2.652616,1.402085,"[PASS]",24.55,7.048447,2.723071,"[PASS]",54,16.594167,5.746273,"[PASS]",135,1.369651,1.15894,"[PASS]",54,108.960005,6.878633,"[PASS]",54,43.235935,3.356619,"[PASS]",135,1.236256,0.919942,"[PASS]",54,48.605458,3.636822,"[PASS]",54,17.425504,2.358581,"[PASS]"
17,"ASH135","2004-01-27","2009-01-27",5,54,6.668411,2.054696,"[PASS]",54,2.538377,1.547919,"[PASS]",67.5,9.468862,4.697977,"[PASS]",54,1.737612,0.518248,"[PASS]",8.44,1.098195,0.833696,"[PASS]",NA,NA,NA,"FAIL BOXCOX",54,45.966845,2.152538,"[PASS]",10.38,1.010356,0.852527,"[PASS]",54,22.771394,1.577623,"[PASS]",54,13.670975,1.242278,"[PASS]"
18,"BAS601","2019-01-22","2024-01-22",5,54,10.445172,1.943029,"[PASS]",54,17.725234,0.905827,"[PASS]",54,584.86821,100.649786,"[PASS]",54,6.763489,0.705272,"[PASS]",54,14.586912,3.106297,"[PASS]",54,112.372813,5.835307,"[PASS]",54,14.072297,1.398591,"[PASS]",67.5,1.958495,0.56584,"[PASS]",27,2.861783,1.884321,"[PASS]",54,4.065386,0.940551,"[PASS]"
19,"BBE401","2010-07-12","2015-07-12",5,54,6.34605,1.124701,"[PASS]",54,2.686924,0.523032,"[PASS]",54,20.667254,2.002648,"[PASS]",54,3.967507,0.305549,"[PASS]",54,2.234365,0.377852,"[PASS]",54,3.19121,0.566667,"[PASS]",90,2.209103,1.070151,"[PASS]",54,12.241402,1.196004,"[PASS]",54,21.594406,1.214213,"[PASS]",54,3.489551,0.453349,"[PASS]"
20,"BBE401","2005-07-12","2010-07-12",5,54,1.500823,0.54551,"[PASS]",54,1.035913,0.384412,"[PASS]",54,3.08877,0.558463,"[PASS]",54,1.245773,0.146272,"[PASS]",54,2.639744,0.503475,"[PASS]",54,2.023924,0.638133,"[PASS]",54,3.467901,0.837737,"[PASS]",54,12.728235,1.46214,"[PASS]",54,12.335203,1.175075,"[PASS]",54,1.959533,0.392198,"[PASS]"
21,"BFT142","2012-06-26","2017-06-26",5,54,10.072283,2.275389,"[PASS]",54,2.317409,0.651789,"[PASS]",54,118.32787,13.271043,"[PASS]",54,2.736182,0.441835,"[PASS]",54,1.860334,0.549247,"[PASS]",54,3.462867,0.53283,"[PASS]",54,6.951223,0.864185,"[PASS]",54,2.075677,0.287115,"[PASS]",54,5.184408,1.096295,"[PASS]",54,3.647631,0.480984,"[PASS]"
22,"BFT142","2000-01-04","2005-01-04",5,54,40.802699,4.038481,"[PASS]",54,5.409905,1.594988,"[PASS]",54,80.453525,7.611127,"[PASS]",54,1.17365,0.134106,"[PASS]",15,1.328435,0.89734,"[PASS]",54,3.118588,0.98365,"[PASS]",54,32.089372,2.091256,"[PASS]",54,5.0376,0.665761,"[PASS]",54,6.137589,1.0205,"[PASS]",54,7.002834,1.063968,"[PASS]"
23,"BVL130","2011-12-05","2016-12-05",5,54,5.678146,0.960182,"[PASS]",54,32.260528,1.770365,"[PASS]",54,42.974061,3.677401,"[PASS]",54,2.348889,0.254018,"[PASS]",54,7.582734,0.981718,"[PASS]",54,53.492333,2.510757,"[PASS]",54,5.284394,0.903464,"[PASS]",54,2.671874,0.833475,"[PASS]",54,41.803844,5.581786,"[PASS]",54,5.58973,0.552537,"[PASS]"
24,"BVL130","2006-12-05","2011-12-05",5,54,9.76766,1.17992,"[PASS]",54,24.928434,2.04894,"[PASS]",54,6.305318,0.711899,"[PASS]",54,2.847571,0.296957,"[PASS]",54,5.513738,0.89915,"[PASS]",54,69.148041,2.909829,"[PASS]",54,10.782511,1.053654,"[PASS]",54,3.082585,0.944903,"[PASS]",54,49.12461,5.15426,"[PASS]",54,7.154048,0.62199,"[PASS]"
25,"BVL130","2000-01-04","2005-01-04",5,54,3.000425,0.760711,"[PASS]",54,45.149436,3.032492,"[PASS]",54,4.496065,0.489592,"[PASS]",54,2.068895,0.2711,"[PASS]",27,1.055873,0.752639,"[PASS]",54,64.946284,3.310536,"[PASS]",54,2.132916,0.284499,"[PASS]",54,5.233895,0.584257,"[PASS]",54,18.099311,2.487957,"[PASS]",54,3.958075,0.80267,"[PASS]"
26,"BWR139","2012-06-19","2017-06-19",5,27,1.153179,0.50951,"[PASS]",54,2.786898,0.611045,"[PASS]",54,10.815173,1.650338,"[PASS]",NA,NA,NA,"FAIL BOXCOX",54,3.364211,0.722693,"[PASS]",54,33.255755,1.811455,"[PASS]",54,4.775227,0.761819,"[PASS]",54,1.015379,0.294518,"[PASS]",24.55,4.083068,1.790498,"[PASS]",54,2.853602,0.276828,"[PASS]"
27,"BWR139","2007-06-19","2012-06-19",5,54,1.730668,0.716283,"[PASS]",54,5.291979,1.046224,"[PASS]",54,17.947619,2.42199,"[PASS]",27,4.567947,0.778855,"[PASS]",27,4.112122,0.629184,"[PASS]",54,46.470079,2.456857,"[PASS]",27,4.660298,0.673966,"[PASS]",54,2.554916,0.26952,"[PASS]",27,6.366549,2.509879,"[PASS]",54,3.428801,0.454853,"[PASS]"
28,"BWR139","2000-01-04","2005-01-04",5,30,0.750183,0.369291,"[PASS]",54,10.682284,2.072014,"[PASS]",54,0.391051,0.054969,"[PASS]",54,1.892355,0.443069,"[PASS]",54,2.463407,0.780957,"[PASS]",54,58.296216,3.202165,"[PASS]",54,9.00324,0.662175,"[PASS]",54,8.111012,0.63558,"[PASS]",27,1.731632,1.159564,"[PASS]",54,10.404679,1.266103,"[PASS]"
29,"CAD150","2009-06-08","2014-06-08",5,54,1.104116,0.608329,"[PASS]",54,2.951168,0.489801,"[PASS]",54,10.411737,0.92569,"[PASS]",54,2.657484,0.305856,"[PASS]",27,1.157734,0.657382,"[PASS]",54,37.048061,3.427866,"[PASS]",27,3.808743,0.79841,"[PASS]",54,9.213857,1.116442,"[PASS]",54,11.167855,2.528968,"[PASS]",27,2.848867,0.61218,"[PASS]"
30,"CAD150","2004-06-08","2009-06-08",5,16.88,1.531558,0.950017,"[PASS]",54,2.564159,0.55984,"[PASS]",54,6.466041,0.719718,"[PASS]",54,3.146234,0.971831,"[PASS]",54,3.019632,0.962863,"[PASS]",NA,NA,NA,"FAIL BOXCOX",54,3.714156,0.81226,"[PASS]",54,7.657081,0.698636,"[PASS]",9,4.624988,2.919307,"[PASS]",54,1.217047,0.383777,"[PASS]"
31,"CAN407","2013-10-15","2018-10-15",5,54,3.608968,0.429788,"[PASS]",54,4.014708,0.523218,"[PASS]",18,1.6806,1.016554,"[PASS]",54,0.294135,0.02585,"[PASS]",54,1.747393,0.288893,"[PASS]",22.5,8.292628,3.319283,"[PASS]",54,2.498925,0.629894,"[PASS]",54,3.364911,0.261407,"[PASS]",54,7.303278,2.806408,"[PASS]",27,3.841567,0.560478,"[PASS]"
32,"CAN407","2005-08-29","2010-08-29",5,54,7.478453,0.780343,"[PASS]",27,3.680382,0.509544,"[PASS]",10.38,1.873114,1.033353,"[PASS]",54,3.458466,0.275299,"[PASS]",54,0.531808,0.161539,"[PASS]",54,21.188172,2.52069,"[PASS]",54,6.045216,0.660945,"[PASS]",54,2.087946,0.310341,"[PASS]",54,5.690793,3.784561,"[PASS]",27,2.540564,0.462732,"[PASS]"
33,"CAN407","2000-08-29","2005-08-29",5,54,11.530576,0.931962,"[PASS]",27,3.459817,0.486402,"[PASS]",12.86,0.334926,0.262637,"[PASS]",54,2.955922,0.20479,"[PASS]",54,0.61477,0.165605,"[PASS]",54,6.373632,1.56083,"[PASS]",54,3.791493,0.557593,"[PASS]",54,3.212497,0.380061,"[PASS]",27,0.268207,0.157162,"[PASS]",27,2.798006,0.458665,"[PASS]"
34,"CAT175","2011-03-15","2016-03-15",5,54,0.882408,0.275439,"[PASS]",90,0.697596,0.533637,"[PASS]",54,5.064927,0.71265,"[PASS]",54,0.590409,0.133713,"[PASS]",27,1.378777,0.367101,"[PASS]",54,31.99507,2.032403,"[PASS]",54,22.394084,1.722393,"[PASS]",54,2.300611,0.57639,"[PASS]",54,12.636529,1.746665,"[PASS]",54,3.803954,0.620555,"[PASS]"
35,"CDR119","2000-01-04","2005-01-04",5,24.55,3.401024,1.655902,"[PASS]",54,8.338455,0.785707,"[PASS]",54,0.48221,0.117695,"[PASS]",54,2.679026,0.613968,"[PASS]",54,11.021796,0.761738,"[PASS]",NA,NA,NA,"FAIL BOXCOX",54,21.424841,1.25663,"[PASS]",54,8.293829,0.499613,"[PASS]",54,24.57014,2.512087,"[PASS]",54,12.38673,0.806066,"[PASS]"
36,"CDZ171","2011-10-04","2016-10-04",5,54,1.568828,0.896786,"[PASS]",54,1.108322,0.551726,"[PASS]",54,4.406296,0.318197,"[PASS]",54,3.422132,0.647938,"[PASS]",27,1.598634,0.712176,"[PASS]",54,50.721839,3.109789,"[PASS]",54,9.742757,0.852032,"[PASS]",54,6.598359,0.967629,"[PASS]",54,13.159802,4.273204,"[PASS]",54,3.309573,0.334605,"[PASS]"
37,"CDZ171","2001-08-28","2006-08-28",5,5.4,1.44119,0.676199,"[PASS]",27,0.779956,0.60834,"[PASS]",54,1.07544,0.09784,"[PASS]",54,0.383854,0.243083,"[PASS]",54,4.519261,0.749992,"[PASS]",54,77.66958,4.021989,"[PASS]",54,34.004947,2.794662,"[PASS]",54,9.234044,0.603819,"[PASS]",54,6.918826,3.800821,"[PASS]",54,4.621786,0.403256,"[PASS]"
38,"CHA467","2013-07-29","2018-07-29",5,54,6.950885,1.736493,"[PASS]",54,16.859607,0.984773,"[PASS]",54,5.091126,0.401277,"[PASS]",54,8.706196,0.878313,"[PASS]",54,5.588841,0.30711,"[PASS]",54,4.048642,0.488241,"[PASS]",24.55,0.730436,0.360019,"[PASS]",54,12.127799,0.754894,"[PASS]",54,15.152974,2.37306,"[PASS]",54,13.583621,0.661772,"[PASS]"
39,"CHA467","2008-07-29","2013-07-29",5,54,4.040769,1.182598,"[PASS]",54,20.288482,1.193463,"[PASS]",54,17.210047,1.724436,"[PASS]",54,11.670544,1.178436,"[PASS]",54,4.826877,0.307819,"[PASS]",54,2.63758,0.366957,"[PASS]",27,1.197872,0.473515,"[PASS]",54,10.993669,0.744487,"[PASS]",54,8.944562,0.910757,"[PASS]",54,10.357768,0.617023,"[PASS]"
40,"CHA467","2003-07-29","2008-07-29",5,27,3.28905,1.116106,"[PASS]",54,10.898129,0.873375,"[PASS]",54,1.108424,0.13459,"[PASS]",54,4.532459,0.609119,"[PASS]",54,5.189983,0.330762,"[PASS]",54,2.128745,0.356863,"[PASS]",27,0.458659,0.23049,"[PASS]",54,13.675987,0.833561,"[PASS]",54,8.217451,1.439141,"[PASS]",54,6.92314,0.515504,"[PASS]"
41,"CHE185","2014-01-27","2019-01-27",5,6.43,1.617681,1.16353,"[PASS]",54,0.54121,0.397654,"[PASS]",54,11.536415,1.414892,"[PASS]",54,3.336372,0.699035,"[PASS]",54,1.448538,0.966846,"[PASS]",54,28.825484,2.868918,"[PASS]",54,6.22882,0.733422,"[PASS]",54,3.261929,0.700736,"[PASS]",54,17.608604,5.258993,"[PASS]",54,5.335954,0.550507,"[PASS]"
42,"CHE185","2009-01-27","2014-01-27",5,19.29,1.70884,1.025043,"[PASS]",54,2.883188,0.54594,"[PASS]",54,26.541102,4.806324,"[PASS]",54,2.156007,0.36691,"[PASS]",54,2.794836,0.937855,"[PASS]",54,46.31167,3.219811,"[PASS]",54,4.795544,0.668321,"[PASS]",54,5.891448,1.095039,"[PASS]",54,16.399619,4.095747,"[PASS]",54,3.739241,0.395035,"[PASS]"
43,"CKT136","2018-05-01","2023-05-01",5,27,2.007195,0.700772,"[PASS]",54,5.714762,0.840027,"[PASS]",54,24.678965,1.623139,"[PASS]",54,1.070891,0.206562,"[PASS]",27,2.108129,0.959331,"[PASS]",54,56.006699,3.251189,"[PASS]",54,9.770828,1.155488,"[PASS]",27,0.884854,0.457956,"[PASS]",54,6.743938,2.337657,"[PASS]",54,11.659435,0.84507,"[PASS]"
44,"CND125","2017-09-26","2022-09-26",5,27,4.450698,1.724638,"[PASS]",54,0.604983,0.395392,"[PASS]",54,85.013375,16.052718,"[PASS]",27,10.426864,2.272489,"[PASS]",19.29,1.242684,0.624557,"[PASS]",54,25.20073,1.747201,"[PASS]",54,24.036543,1.575074,"[PASS]",54,0.925736,0.31637,"[PASS]",27,9.172563,3.316899,"[PASS]",54,5.794508,0.496733,"[PASS]"
45,"CND125","2009-08-17","2014-08-17",5,27,17.231894,3.034656,"[PASS]",67.5,1.25823,0.433139,"[PASS]",54,12.776497,2.002329,"[PASS]",27,4.425506,0.651538,"[PASS]",27,2.195337,0.542613,"[PASS]",54,60.232928,3.166052,"[PASS]",54,19.728171,1.305215,"[PASS]",54,4.747888,0.480665,"[PASS]",27,9.59138,3.056119,"[PASS]",54,4.158837,0.361215,"[PASS]"
46,"CND125","2004-08-17","2009-08-17",5,54,1.385472,0.570266,"[PASS]",54,1.366739,0.55146,"[PASS]",54,7.718531,1.214126,"[PASS]",27,8.355964,2.486158,"[PASS]",54,7.31446,0.857683,"[PASS]",54,71.737974,3.650875,"[PASS]",54,20.818663,1.790806,"[PASS]",54,9.320173,0.54348,"[PASS]",27,5.023327,2.753148,"[PASS]",54,3.182837,0.327052,"[PASS]"
47,"CNT169","2010-01-04","2015-01-04",5,54,35.641139,2.055346,"[PASS]",54,21.459286,1.177688,"[PASS]",NA,NA,NA,"FAIL BOXCOX",NA,NA,NA,"FAIL BOXCOX",54,3.590387,0.223308,"[PASS]",54,12.711718,0.999252,"[PASS]",27,0.539973,0.188465,"[PASS]",54,6.679711,0.38487,"[PASS]",NA,NA,NA,"FAIL BOXCOX",54,10.891061,0.578306,"[PASS]"
48,"CNT169","2005-01-04","2010-01-04",5,54,30.526982,1.571289,"[PASS]",54,15.062058,0.811276,"[PASS]",NA,NA,NA,"FAIL BOXCOX",NA,NA,NA,"FAIL BOXCOX",54,4.695401,0.23215,"[PASS]",NA,NA,NA,"FAIL BOXCOX",54,0.527695,0.205432,"[PASS]",54,11.647642,0.611955,"[PASS]",NA,NA,NA,"FAIL BOXCOX",54,10.32664,0.54461,"[PASS]"
49,"CNT169","2000-01-04","2005-01-04",5,NA,NA,NA,"FAIL BOXCOX",54,7.460341,0.602102,"[PASS]",NA,NA,NA,"FAIL BOXCOX",NA,NA,NA,"FAIL BOXCOX",54,3.175231,0.216265,"[PASS]",NA,NA,NA,"FAIL BOXCOX",19.29,0.203206,0.176093,"[PASS]",54,5.073269,0.349818,"[PASS]",NA,NA,NA,"FAIL BOXCOX",54,8.90342,0.553892,"[PASS]"
50,"COW137","2010-01-04","2015-01-04",5,27,8.010683,2.027713,"[PASS]",54,3.909789,0.445957,"[PASS]",54,33.490882,2.718288,"[PASS]",NA,NA,NA,"FAIL BOXCOX",54,5.099665,0.517783,"[PASS]",54,77.272076,6.058025,"[PASS]",54,45.281626,2.798093,"[PASS]",54,12.0707,0.913709,"[PASS]",54,17.273286,9.109757,"[PASS]",54,7.444432,0.690099,"[PASS]"
51,"COW137","2005-01-04","2010-01-04",5,54,4.555644,0.799226,"[PASS]",54,7.491972,0.609957,"[PASS]",54,107.583611,13.779757,"[PASS]",54,6.876334,1.27682,"[PASS]",54,13.932213,0.98714,"[PASS]",NA,NA,NA,"FAIL BOXCOX",54,29.22123,1.850929,"[PASS]",54,18.150323,1.162554,"[PASS]",54,10.866492,4.397545,"[PASS]",54,11.23041,0.731119,"[PASS]"
52,"COW137","2000-01-04","2005-01-04",5,54,3.743985,0.988996,"[PASS]",54,4.129708,0.461285,"[PASS]",54,0.174084,0.014682,"[PASS]",54,9.132993,1.451134,"[PASS]",54,16.988155,1.000604,"[PASS]",NA,NA,NA,"FAIL BOXCOX",54,41.641827,2.224324,"[PASS]",54,19.941278,1.08809,"[PASS]",135,8.147157,2.705883,"[PASS]",54,6.33232,0.549744,"[PASS]"
53,"CTH110","2016-01-05","2021-01-05",5,54,5.089529,0.669627,"[PASS]",54,0.844621,0.409035,"[PASS]",54,109.463237,13.460161,"[PASS]",54,1.493696,0.18924,"[PASS]",54,8.164433,1.303493,"[PASS]",54,93.159583,4.145618,"[PASS]",54,10.19325,1.149979,"[PASS]",27,1.069302,0.360038,"[PASS]",54,81.272221,6.775365,"[PASS]",54,13.426682,0.863617,"[PASS]"
54,"CTH110","2006-08-28","2011-08-28",5,54,7.341408,0.901162,"[PASS]",54,2.378553,0.704981,"[PASS]",54,45.109136,10.384887,"[PASS]",54,4.215445,0.548197,"[PASS]",27,1.553285,0.596033,"[PASS]",54,55.285225,2.773439,"[PASS]",54,14.570734,1.743673,"[PASS]",54,3.124077,0.500949,"[PASS]",54,76.917256,5.724764,"[PASS]",54,10.539295,0.742691,"[PASS]"
55,"CTH110","2001-08-28","2006-08-28",5,54,1.827192,0.376983,"[PASS]",54,1.555376,0.822995,"[PASS]",NA,NA,NA,"FAIL BOXCOX",54,0.574301,0.110772,"[PASS]",54,7.555837,0.890167,"[PASS]",54,54.516247,3.200248,"[PASS]",54,20.918655,1.524783,"[PASS]",54,5.586024,0.446667,"[PASS]",54,41.38103,3.400003,"[PASS]",54,5.200872,0.599919,"[PASS]"
56,"CVL151","2014-01-20","2019-01-20",5,4.29,1.381443,1.176501,"[PASS]",67.5,1.768604,0.659309,"[PASS]",54,191.14663,23.697529,"[PASS]",54,3.756378,1.036683,"[PASS]",27,0.797092,0.496469,"[PASS]",54,7.675008,1.380536,"[PASS]",54,12.334868,1.123969,"[PASS]",54,2.115745,0.489934,"[PASS]",54,10.337293,3.691567,"[PASS]",54,3.089409,0.639749,"[PASS]"
57,"CVL151","2009-01-20","2014-01-20",5,24.55,2.026411,1.084219,"[PASS]",54,1.235752,0.572798,"[PASS]",54,8.26579,1.036226,"[PASS]",54,4.066499,0.746106,"[PASS]",12.86,1.180476,0.394065,"[PASS]",54,11.653167,1.543794,"[PASS]",54,12.418133,1.150751,"[PASS]",54,5.032627,0.722202,"[PASS]",54,11.59002,3.012459,"[PASS]",54,3.706265,0.617821,"[PASS]"
58,"CVL151","2000-06-13","2005-06-13",5,12.86,0.502241,0.323982,"[PASS]",54,2.158864,0.874572,"[PASS]",54,0.28767,0.060303,"[PASS]",54,1.033513,0.275972,"[PASS]",54,1.714286,0.79511,"[PASS]",54,22.759938,2.089742,"[PASS]",54,23.233231,2.04693,"[PASS]",54,6.672012,0.830153,"[PASS]",8.44,5.144074,2.415294,"[PASS]",54,6.569734,0.68498,"[PASS]"
59,"DCP114","2016-03-15","2021-03-15",5,54,1.271487,0.414126,"[PASS]",54,8.037648,0.654999,"[PASS]",54,69.81622,4.849754,"[PASS]",54,0.61132,0.110499,"[PASS]",54,8.645918,1.083571,"[PASS]",54,90.477952,4.049737,"[PASS]",54,5.51996,0.693623,"[PASS]",27,1.138581,0.405345,"[PASS]",54,132.373842,12.829824,"[PASS]",54,7.3705,0.499763,"[PASS]"
60,"DCP114","2008-09-23","2013-09-23",5,27,3.343379,1.137819,"[PASS]",54,9.535726,0.926047,"[PASS]",54,113.464585,11.894875,"[PASS]",54,2.491394,0.589468,"[PASS]",27,3.528191,0.562936,"[PASS]",54,95.709281,4.058955,"[PASS]",54,7.643949,0.656081,"[PASS]",54,2.667561,0.381702,"[PASS]",54,89.975656,6.097534,"[PASS]",54,4.573027,0.368659,"[PASS]"
61,"DCP114","2000-01-04","2005-01-04",5,22.5,0.680838,0.339758,"[PASS]",54,11.731725,1.417083,"[PASS]",54,0.326408,0.044544,"[PASS]",54,0.172458,0.070967,"[PASS]",54,2.285761,0.673009,"[PASS]",54,69.585735,3.858991,"[PASS]",54,15.468291,1.143658,"[PASS]",54,6.616117,0.550637,"[PASS]",54,25.15359,2.201993,"[PASS]",54,1.366523,0.29859,"[PASS]"
62,"DEN417","2017-07-04","2022-07-04",5,54,31.153986,4.265871,"[PASS]",54,1897.298211,304.484375,"[PASS]",NA,NA,NA,"FAIL BOXCOX",NA,NA,NA,"FAIL BOXCOX",54,55.593192,5.349353,"[PASS]",NA,NA,NA,"FAIL BOXCOX",54,72.90064,4.751138,"[PASS]",54,9.382693,1.320832,"[PASS]",54,134.207294,13.460854,"[PASS]",54,299.450364,51.614013,"[PASS]"
63,"DEN417","2012-01-01","2017-01-01",5,54,32.273506,2.197341,"[PASS]",54,350.783908,61.18977,"[PASS]",NA,NA,NA,"FAIL BOXCOX",NA,NA,NA,"FAIL BOXCOX",54,12.57951,1.32493,"[PASS]",NA,NA,NA,"FAIL BOXCOX",54,40.72659,3.139892,"[PASS]",54,11.361665,1.673601,"[PASS]",54,106.855622,9.717463,"[PASS]",54,192.077922,22.986073,"[PASS]"
64,"DEN417","2007-01-01","2012-01-01",5,54,47.117527,7.283302,"[PASS]",NA,NA,NA,"FAIL BOXCOX",NA,NA,NA,"FAIL BOXCOX",NA,NA,NA,"FAIL BOXCOX",54,23.852611,2.544701,"[PASS]",NA,NA,NA,"FAIL BOXCOX",54,80.381382,4.603894,"[PASS]",54,18.831584,2.172322,"[PASS]",NA,NA,NA,"FAIL BOXCOX",54,101.435985,12.451012,"[PASS]"
65,"DEN417","2002-01-01","2007-01-01",5,54,74.688969,9.034438,"[PASS]",NA,NA,NA,"FAIL BOXCOX",NA,NA,NA,"FAIL BOXCOX",NA,NA,NA,"FAIL BOXCOX",54,70.924604,6.248686,"[PASS]",NA,NA,NA,"FAIL BOXCOX",54,50.194331,3.76679,"[PASS]",54,19.262556,2.137455,"[PASS]",54,64.995339,5.613366,"[PASS]",54,68.05777,14.595879,"[PASS]"
66,"DEV412","2001-03-13","2006-03-13",5,54,9.170155,1.094758,"[PASS]",54,14.125821,1.370766,"[PASS]",54,7.78042,0.50619,"[PASS]",54,10.165741,0.99603,"[PASS]",54,10.757077,0.545632,"[PASS]",54,6.730666,0.699127,"[PASS]",54,34.401577,1.503363,"[PASS]",54,21.39868,1.190567,"[PASS]",54,5.336716,0.991912,"[PASS]",54,18.523484,1.666684,"[PASS]"
67,"DIN431","2017-07-11","2022-07-11",5,54,5.45232,0.738414,"[PASS]",54,16.946968,1.093102,"[PASS]",54,43.925222,4.495421,"[PASS]",54,1.195473,0.123445,"[PASS]",27,86.549469,13.460486,"[PASS]",54,122.354013,8.628828,"[PASS]",27,4.529577,0.618812,"[PASS]",54,1.285415,0.33387,"[PASS]",54,3.674979,1.303026,"[PASS]",27,13.918519,1.464944,"[PASS]"
68,"EGB181","2011-03-01","2016-03-01",5,54,2.317029,0.533677,"[PASS]",54,22.261306,1.767965,"[PASS]",54,1.426127,0.224168,"[PASS]",54,0.558492,0.202368,"[PASS]",54,7.23395,1.021364,"[PASS]",54,65.593854,3.441273,"[PASS]",54,14.893788,1.280449,"[PASS]",6.59,0.652208,0.723927,"FAIL (Low SNR)",54,297.382193,14.527799,"[PASS]",54,12.618219,1.50433,"[PASS]"
69,"EGB181","2001-07-24","2006-07-24",5,54,10.526468,1.719777,"[PASS]",54,26.687616,2.089505,"[PASS]",54,0.373452,0.055626,"[PASS]",54,0.721096,0.101943,"[PASS]",16.88,1.11289,1.238231,"FAIL (Low SNR)",54,45.542793,3.487179,"[PASS]",54,16.380878,2.117212,"[PASS]",54,3.254202,0.769233,"[PASS]",54,113.510801,6.440369,"[PASS]",54,6.062948,1.738607,"[PASS]"
70,"ESP127","2018-06-26","2023-06-26",5,27,1.818853,0.813254,"[PASS]",54,5.480927,0.715825,"[PASS]",54,84.37107,5.825084,"[PASS]",54,2.652544,0.801625,"[PASS]",27,1.695726,0.763542,"[PASS]",54,80.580584,4.968641,"[PASS]",54,22.431896,1.415836,"[PASS]",54,0.908691,0.337371,"[PASS]",54,7.124516,3.757781,"[PASS]",54,17.6158,1.056398,"[PASS]"
71,"ESP127","2010-01-04","2015-01-04",5,27,1.765216,0.653051,"[PASS]",54,5.684404,0.589376,"[PASS]",54,32.080859,2.413052,"[PASS]",27,1.338869,0.36867,"[PASS]",27,1.467007,0.532404,"[PASS]",54,98.939091,5.031748,"[PASS]",54,36.287719,1.950494,"[PASS]",54,3.655683,0.729141,"[PASS]",54,10.676476,3.08865,"[PASS]",54,14.444525,0.8045,"[PASS]"
72,"ESP127","2005-01-04","2010-01-04",5,54,0.682586,0.591194,"[PASS]",54,8.631825,0.633666,"[PASS]",54,89.005052,8.265545,"[PASS]",54,2.464097,0.9273,"[PASS]",54,5.034884,0.670755,"[PASS]",NA,NA,NA,"FAIL BOXCOX",54,42.047237,2.368979,"[PASS]",54,3.510891,0.277559,"[PASS]",54,20.854293,4.62922,"[PASS]",54,16.657487,0.885097,"[PASS]"
73,"ESP127","2000-01-04","2005-01-04",5,22.5,1.332104,0.614413,"[PASS]",54,5.431437,0.432124,"[PASS]",NA,NA,NA,"FAIL BOXCOX",27,3.089915,1.04722,"[PASS]",54,6.546972,0.790163,"[PASS]",NA,NA,NA,"FAIL BOXCOX",54,44.004756,2.166274,"[PASS]",54,8.297044,0.580011,"[PASS]",54,7.395924,2.938832,"[PASS]",54,11.357052,0.581019,"[PASS]"
74,"FOR605","2013-11-05","2018-11-05",5,54,24.739729,1.56005,"[PASS]",54,12.334346,1.143599,"[PASS]",NA,NA,NA,"FAIL BOXCOX",54,14.957602,0.869839,"[PASS]",54,1.091891,0.595229,"[PASS]",30,10.022755,4.647717,"[PASS]",54,11.22167,1.430058,"[PASS]",54,1.649916,0.351698,"[PASS]",NA,NA,NA,"FAIL BOXCOX",54,2.811109,0.747527,"[PASS]"
75,"GAS153","2015-07-18","2020-07-18",5,54,1.643844,0.750613,"[PASS]",90,0.612594,0.436149,"[PASS]",54,92.564523,14.903774,"[PASS]",54,4.067395,1.30565,"[PASS]",14.21,0.256393,0.198608,"[PASS]",54,9.987936,1.141359,"[PASS]",54,14.703345,1.347457,"[PASS]",54,1.706838,0.398624,"[PASS]",16.88,3.357312,2.607578,"[PASS]",54,1.582947,0.359302,"[PASS]"
76,"GAS153","2010-07-18","2015-07-18",5,27,4.071634,1.155109,"[PASS]",67.5,0.905957,0.433792,"[PASS]",54,73.997098,15.062241,"[PASS]",27,2.388647,0.493085,"[PASS]",27,0.665921,0.459614,"[PASS]",54,12.863225,1.21023,"[PASS]",54,10.767112,1.135495,"[PASS]",54,3.220194,0.412734,"[PASS]",54,4.180792,2.633339,"[PASS]",54,2.798675,0.386025,"[PASS]"
77,"GAS153","2005-07-18","2010-07-18",5,54,7.744402,2.275315,"[PASS]",90,1.383317,0.760157,"[PASS]",54,24.998492,4.065069,"[PASS]",54,1.908884,0.363993,"[PASS]",54,7.691683,0.797389,"[PASS]",54,21.345358,1.837481,"[PASS]",54,15.106146,2.628242,"[PASS]",54,4.94417,0.335099,"[PASS]",90,4.018256,2.189288,"[PASS]",54,3.575799,0.569094,"[PASS]"
78,"GAS153","2000-07-18","2005-07-18",5,27,1.314996,0.735706,"[PASS]",54,1.7565,0.799504,"[PASS]",54,0.079109,0.017686,"[PASS]",54,3.750257,1.060133,"[PASS]",54,3.333661,0.615495,"[PASS]",NA,NA,NA,"FAIL BOXCOX",54,52.627926,3.958873,"[PASS]",54,4.588452,0.380978,"[PASS]",135,5.306212,3.010715,"[PASS]",54,4.841659,0.571882,"[PASS]"
79,"GLR468","2004-01-13","2009-01-13",5,54,115.898317,6.954305,"[PASS]",54,0.965994,0.283517,"[PASS]",54,40.435322,3.305519,"[PASS]",NA,NA,NA,"FAIL BOXCOX",12.27,2.259924,1.090636,"[PASS]",54,81.537703,9.833587,"[PASS]",54,11.192844,2.128658,"[PASS]",54,1.821866,0.775764,"[PASS]",54,17.719541,1.800831,"[PASS]",54,5.41252,1.809991,"[PASS]"
80,"GRB411","2012-05-01","2017-05-01",5,54,23.232928,1.424022,"[PASS]",54,38.352259,1.787436,"[PASS]",54,20.980047,1.073743,"[PASS]",54,10.962332,0.634072,"[PASS]",54,6.954915,0.377425,"[PASS]",54,8.592818,0.634592,"[PASS]",90,2.841972,1.013742,"[PASS]",54,11.913777,0.675061,"[PASS]",54,61.275922,4.844554,"[PASS]",54,20.393063,0.891657,"[PASS]"
81,"GRC474","2010-01-26","2015-01-26",5,54,9.309951,0.65287,"[PASS]",54,8.820892,0.761589,"[PASS]",54,16.954207,0.936336,"[PASS]",NA,NA,NA,"FAIL BOXCOX",54,3.387212,0.20476,"[PASS]",54,4.7862,0.467954,"[PASS]",135,1.305147,0.584787,"[PASS]",54,10.79212,0.611069,"[PASS]",54,15.288014,1.072285,"[PASS]",54,6.042462,0.452083,"[PASS]"
82,"GRC474","2003-07-29","2008-07-29",5,54,6.958713,0.733696,"[PASS]",54,4.744845,0.455155,"[PASS]",54,8.181817,0.555289,"[PASS]",54,3.918063,0.341737,"[PASS]",54,2.939375,0.173184,"[PASS]",54,4.196124,0.777543,"[PASS]",67.5,0.579527,0.477852,"[PASS]",54,13.022204,0.686991,"[PASS]",54,14.999115,1.385834,"[PASS]",54,4.795446,0.434406,"[PASS]"
83,"GTH161","2013-05-28","2018-05-28",5,54,11.732276,0.798191,"[PASS]",54,3.999572,0.319926,"[PASS]",NA,NA,NA,"FAIL BOXCOX",NA,NA,NA,"FAIL BOXCOX",54,3.912489,0.242539,"[PASS]",54,10.77218,0.979833,"[PASS]",38.57,0.767434,0.213223,"[PASS]",54,6.408656,0.409475,"[PASS]",54,24.031774,2.311425,"[PASS]",54,4.503192,0.288059,"[PASS]"
84,"GTH161","2004-06-22","2009-06-22",5,54,43.1318,2.833982,"[PASS]",54,1.113881,0.089764,"[PASS]",NA,NA,NA,"FAIL BOXCOX",NA,NA,NA,"FAIL BOXCOX",54,3.938535,0.245003,"[PASS]",54,16.257583,1.363007,"[PASS]",135,0.48561,0.163146,"[PASS]",54,7.124309,0.422198,"[PASS]",NA,NA,NA,"FAIL BOXCOX",54,2.407823,0.164703,"[PASS]"
85,"HOX148","2019-04-14","2024-04-14",5,54,10.027505,2.637095,"[PASS]",54,5.906943,0.814891,"[PASS]",54,42.878044,5.059044,"[PASS]",54,16.315459,2.583019,"[PASS]",54,16.979997,2.398777,"[PASS]",54,116.258217,5.744059,"[PASS]",54,4.507576,0.973489,"[PASS]",4.29,0.934135,0.60921,"[PASS]",54,180.998901,14.570653,"[PASS]",54,22.742425,1.858415,"[PASS]"
86,"HOX148","2014-04-14","2019-04-14",5,54,10.432547,2.2106,"[PASS]",54,2.99903,0.602181,"[PASS]",54,8.016853,1.208255,"[PASS]",54,22.086375,2.784307,"[PASS]",54,10.142873,1.510621,"[PASS]",54,117.610215,5.70326,"[PASS]",54,10.991899,1.066267,"[PASS]",12.27,0.771907,0.603026,"[PASS]",54,197.049848,13.793506,"[PASS]",54,18.766711,1.54907,"[PASS]"
87,"HOX148","2009-04-14","2014-04-14",5,54,11.504474,2.050011,"[PASS]",54,3.638467,0.952148,"[PASS]",54,34.703452,7.851172,"[PASS]",54,19.86831,2.676915,"[PASS]",54,2.606216,1.027586,"[PASS]",54,103.485959,5.635756,"[PASS]",54,5.445807,1.179981,"[PASS]",5.87,1.206063,0.88471,"[PASS]",NA,NA,NA,"FAIL BOXCOX",54,15.270093,1.684056,"[PASS]"
88,"HOX148","2000-10-31","2005-10-31",5,54,4.48809,1.197608,"[PASS]",54,2.299883,1.132723,"[PASS]",NA,NA,NA,"FAIL BOXCOX",54,2.737792,0.478568,"[PASS]",5.29,1.377254,1.1959,"[PASS]",54,82.47285,4.703343,"[PASS]",54,11.188665,1.718666,"[PASS]",54,3.760761,0.82556,"[PASS]",54,21.985509,2.23469,"[PASS]",54,9.800252,1.283577,"[PASS]"
89,"HWF187","2014-11-04","2019-11-04",5,54,4.640821,0.689323,"[PASS]",54,2.899825,0.634473,"[PASS]",54,3.022295,0.252248,"[PASS]",NA,NA,NA,"FAIL BOXCOX",27,1.799418,0.906767,"[PASS]",NA,NA,NA,"FAIL BOXCOX",54,31.894397,2.322646,"[PASS]",27,1.308132,0.726312,"[PASS]",NA,NA,NA,"FAIL BOXCOX",54,27.838716,2.224868,"[PASS]"
90,"HWF187","2007-05-28","2012-05-28",5,54,15.153042,2.063016,"[PASS]",54,8.309964,1.345849,"[PASS]",54,49.151485,3.875414,"[PASS]",NA,NA,NA,"FAIL BOXCOX",27,1.591503,1.032938,"[PASS]",NA,NA,NA,"FAIL BOXCOX",54,37.587009,2.738473,"[PASS]",54,1.968994,0.939138,"[PASS]",NA,NA,NA,"FAIL BOXCOX",54,17.17484,1.450085,"[PASS]"
91,"HWF187","2002-05-28","2007-05-28",5,54,1.682762,0.579969,"[PASS]",54,3.748243,1.000354,"[PASS]",54,3.343517,0.316515,"[PASS]",NA,NA,NA,"FAIL BOXCOX",54,3.952557,1.036043,"[PASS]",NA,NA,NA,"FAIL BOXCOX",54,45.364845,2.998213,"[PASS]",54,5.830679,1.117646,"[PASS]",54,87.477553,5.932091,"[PASS]",54,11.446089,1.181803,"[PASS]"
92,"IRL141","2008-03-11","2013-03-11",5,16.88,1.013822,0.377364,"[PASS]",54,3.820875,1.577164,"[PASS]",7.71,0.60389,0.24639,"[PASS]",27,2.386505,0.665574,"[PASS]",54,0.567455,0.368543,"[PASS]",54,3.380199,0.520285,"[PASS]",135,2.351709,0.752562,"[PASS]",27,1.052973,0.328799,"[PASS]",27,5.180413,1.330085,"[PASS]",54,4.249171,0.731398,"[PASS]"
93,"JOT403","2013-09-10","2018-09-10",5,54,18.016893,1.503399,"[PASS]",54,17.440651,1.14948,"[PASS]",54,53.941751,2.868396,"[PASS]",54,6.432162,0.354171,"[PASS]",54,5.016274,0.252202,"[PASS]",54,13.580912,1.074572,"[PASS]",54,32.309919,2.54073,"[PASS]",54,29.172536,1.269699,"[PASS]",54,11.451883,0.757923,"[PASS]",54,28.90385,1.62992,"[PASS]"
94,"JOT403","2005-08-22","2010-08-22",5,54,12.545114,0.964294,"[PASS]",54,29.850208,1.893189,"[PASS]",54,32.744532,1.804437,"[PASS]",54,14.559162,0.895466,"[PASS]",54,3.954059,0.327459,"[PASS]",54,7.587027,1.481368,"[PASS]",54,35.321353,2.215455,"[PASS]",54,29.147642,1.372238,"[PASS]",54,8.676622,0.704939,"[PASS]",54,35.883226,2.627778,"[PASS]"
95,"JOT403","2000-08-22","2005-08-22",5,54,17.378072,1.428909,"[PASS]",54,36.594482,2.227327,"[PASS]",54,28.010864,1.531447,"[PASS]",54,12.458935,0.79358,"[PASS]",54,5.373989,0.735723,"[PASS]",54,3.123233,1.920387,"[PASS]",54,38.239668,2.442183,"[PASS]",54,34.563198,1.73811,"[PASS]",54,8.448488,0.728765,"[PASS]",54,30.907492,2.575975,"[PASS]"
96,"KEF112","2018-10-15","2023-10-15",5,27,6.831211,1.705137,"[PASS]",54,1.511164,0.393483,"[PASS]",54,64.089794,5.348351,"[PASS]",27,4.126737,1.065202,"[PASS]",27,5.265794,1.092222,"[PASS]",54,102.72902,4.349803,"[PASS]",54,17.718762,1.675997,"[PASS]",27,0.827344,0.355116,"[PASS]",54,78.373068,8.393447,"[PASS]",54,19.940038,1.144281,"[PASS]"
97,"KEF112","2013-10-15","2018-10-15",5,27,1.796624,0.543355,"[PASS]",54,1.129001,0.40807,"[PASS]",54,138.489124,18.871657,"[PASS]",54,0.929497,0.288496,"[PASS]",27,1.407541,0.492075,"[PASS]",54,96.121535,4.244161,"[PASS]",54,25.701472,1.704205,"[PASS]",54,1.497398,0.518653,"[PASS]",54,67.324164,6.31706,"[PASS]",54,12.371047,0.814968,"[PASS]"
98,"KEF112","2007-12-25","2012-12-25",5,54,3.204999,1.096833,"[PASS]",54,4.156347,0.668848,"[PASS]",54,11.381132,2.721205,"[PASS]",54,2.800518,0.571528,"[PASS]",27,1.885698,0.470156,"[PASS]",NA,NA,NA,"FAIL BOXCOX",54,18.546318,1.612153,"[PASS]",54,2.46981,0.336546,"[PASS]",54,41.766798,3.534262,"[PASS]",54,10.370528,0.803322,"[PASS]"
99,"KNZ184","2012-02-28","2017-02-28",5,54,8.260328,1.888776,"[PASS]",54,6.893558,1.095534,"[PASS]",54,5.769229,0.871682,"[PASS]",54,0.763547,0.119701,"[PASS]",54,6.141297,1.387266,"[PASS]",54,19.829677,1.891181,"[PASS]",54,2.597393,0.561276,"[PASS]",54,3.980019,0.723718,"[PASS]",27,10.801199,4.227386,"[PASS]",54,4.628354,0.596826,"[PASS]"
100,"KNZ184","2002-03-26","2007-03-26",5,54,10.248756,1.84908,"[PASS]",54,13.53032,1.199407,"[PASS]",54,4.144544,0.459377,"[PASS]",54,0.404572,0.062373,"[PASS]",54,4.615605,1.321465,"[PASS]",54,24.177009,1.620283,"[PASS]",27,2.699013,1.04823,"[PASS]",54,9.036068,1.004104,"[PASS]",54,3.26541,1.977201,"[PASS]",54,2.571351,0.259716,"[PASS]"
101,"LAV410","2005-09-27","2010-09-27",5,54,8.753366,0.647274,"[PASS]",54,56.369221,2.664926,"[PASS]",54,32.782465,2.192234,"[PASS]",NA,NA,NA,"FAIL BOXCOX",54,13.968207,0.793039,"[PASS]",54,21.98931,2.052527,"[PASS]",54,20.098227,1.407363,"[PASS]",54,17.253221,1.020804,"[PASS]",54,30.292122,2.76238,"[PASS]",54,35.313093,1.787442,"[PASS]"
102,"LRL117","2016-11-01","2021-11-01",5,54,0.750929,0.466573,"[PASS]",54,3.444573,0.428109,"[PASS]",54,127.265584,9.049007,"[PASS]",54,1.036172,0.23409,"[PASS]",27,2.873071,0.53392,"[PASS]",NA,NA,NA,"FAIL BOXCOX",54,31.582637,1.63482,"[PASS]",27,1.338822,0.373448,"[PASS]",54,66.530773,5.671646,"[PASS]",54,21.932597,1.153727,"[PASS]"
103,"LRL117","2007-10-09","2012-10-09",5,27,2.919741,1.018104,"[PASS]",54,5.66286,0.700956,"[PASS]",54,308.809525,43.87484,"[PASS]",54,4.088781,1.328414,"[PASS]",54,3.687804,0.510213,"[PASS]",NA,NA,NA,"FAIL BOXCOX",54,14.096784,1.183204,"[PASS]",54,6.698669,0.553463,"[PASS]",54,61.065231,4.364585,"[PASS]",54,10.663268,0.761221,"[PASS]"
104,"LRL117","2000-01-04","2005-01-04",5,54,0.766977,0.266691,"[PASS]",54,4.042179,0.720892,"[PASS]",NA,NA,NA,"FAIL BOXCOX",54,0.838532,0.202541,"[PASS]",54,8.546407,0.650128,"[PASS]",NA,NA,NA,"FAIL BOXCOX",54,36.087886,2.457934,"[PASS]",54,5.9292,0.383695,"[PASS]",54,26.106321,2.672143,"[PASS]",54,9.979417,0.803517,"[PASS]"
105,"MAC426","2008-06-10","2013-06-10",5,54,3.366619,1.409334,"[PASS]",54,1.719737,0.554514,"[PASS]",54,62.627413,6.27919,"[PASS]",54,1.603663,0.358844,"[PASS]",27,2.446148,0.547126,"[PASS]",54,82.109316,4.007672,"[PASS]",54,13.799588,1.062703,"[PASS]",54,2.453635,0.328952,"[PASS]",54,20.673881,3.79284,"[PASS]",54,5.460934,0.455591,"[PASS]"
106,"MAC426","2003-06-10","2008-06-10",5,27,0.983097,0.475512,"[PASS]",54,2.566073,0.495862,"[PASS]",NA,NA,NA,"FAIL BOXCOX",54,0.359896,0.130173,"[PASS]",54,4.788616,0.637017,"[PASS]",54,91.454887,4.37726,"[PASS]",54,17.94581,1.175472,"[PASS]",54,6.834707,0.424547,"[PASS]",54,16.208148,3.963962,"[PASS]",54,4.724663,0.298489,"[PASS]"
107,"MCK131","2019-06-18","2024-06-18",5,27,1.60489,0.454164,"[PASS]",54,0.963041,0.563734,"[PASS]",54,62.516112,5.455645,"[PASS]",54,0.359725,0.092952,"[PASS]",27,3.673347,1.403835,"[PASS]",54,53.383204,3.005798,"[PASS]",54,8.270966,0.982057,"[PASS]",54,1.078552,0.405507,"[PASS]",54,19.903786,5.168198,"[PASS]",54,4.656032,0.400129,"[PASS]"
108,"MCK131","2010-08-10","2015-08-10",5,27,1.629504,0.887918,"[PASS]",54,0.668731,0.523144,"[PASS]",54,179.227608,15.041674,"[PASS]",27,0.789105,0.241819,"[PASS]",27,2.583399,0.595983,"[PASS]",54,61.361243,2.970671,"[PASS]",54,21.07603,1.334983,"[PASS]",54,4.039582,0.693879,"[PASS]",54,14.969491,2.313166,"[PASS]",54,3.767343,0.293256,"[PASS]"
109,"MCK231","2014-02-03","2019-02-03",5,27,1.436724,0.76692,"[PASS]",54,0.771419,0.569065,"[PASS]",54,405.088847,35.732086,"[PASS]",54,0.727585,0.299228,"[PASS]",24.55,1.900111,0.873908,"[PASS]",54,55.678492,3.120693,"[PASS]",54,16.639284,1.359919,"[PASS]",54,0.740268,0.413269,"[PASS]",54,17.376301,3.642535,"[PASS]",54,5.681931,0.469343,"[PASS]"
110,"MCK231","2009-02-03","2014-02-03",5,27,2.280152,1.30697,"[PASS]",54,0.713351,0.502946,"[PASS]",54,8.8836,0.999447,"[PASS]",54,1.273273,0.392609,"[PASS]",27,3.331287,0.54782,"[PASS]",54,60.718333,3.05739,"[PASS]",54,14.104646,1.07729,"[PASS]",54,7.197831,0.909695,"[PASS]",54,18.803171,2.966002,"[PASS]",54,3.289116,0.283409,"[PASS]"
111,"MCK231","2000-10-03","2005-10-03",5,30,2.110708,1.282377,"[PASS]",27,1.072756,0.71915,"[PASS]",54,35.442014,4.015063,"[PASS]",54,4.693705,1.918442,"[PASS]",54,5.685019,0.775065,"[PASS]",54,68.814406,3.589588,"[PASS]",54,25.148737,1.93858,"[PASS]",54,10.038553,0.671406,"[PASS]",54,16.713844,4.808956,"[PASS]",54,3.856697,0.381217,"[PASS]"
112,"MEV405","2010-11-16","2015-11-16",5,54,30.800736,2.59716,"[PASS]",54,4.10968,0.650498,"[PASS]",54,42.258192,2.569484,"[PASS]",54,17.266388,1.233659,"[PASS]",54,2.000804,0.135045,"[PASS]",54,7.532521,1.190764,"[PASS]",54,1.091853,0.562904,"[PASS]",54,7.699511,0.494933,"[PASS]",54,26.323311,2.555853,"[PASS]",54,1.606155,0.4535,"[PASS]"
113,"MEV405","2004-05-18","2009-05-18",5,54,21.367321,2.25618,"[PASS]",54,4.562143,0.690783,"[PASS]",54,24.151715,1.748765,"[PASS]",54,12.166798,1.016332,"[PASS]",54,1.420565,0.103155,"[PASS]",54,4.348251,1.116109,"[PASS]",54,6.434687,1.254664,"[PASS]",54,6.131755,0.430465,"[PASS]",54,22.344978,3.282348,"[PASS]",54,1.981091,0.462205,"[PASS]"
114,"MKG113","2015-01-04","2020-01-04",5,54,0.901956,0.430829,"[PASS]",54,1.810928,0.381451,"[PASS]",54,86.364267,10.998028,"[PASS]",54,0.3987,0.142508,"[PASS]",54,5.892685,1.147738,"[PASS]",54,110.394691,5.163706,"[PASS]",54,20.787783,1.229068,"[PASS]",27,0.790362,0.358769,"[PASS]",54,191.091479,12.128994,"[PASS]",54,10.996015,0.778409,"[PASS]"
115,"MKG113","2010-01-04","2015-01-04",5,27,0.650739,0.403033,"[PASS]",54,2.70634,0.514547,"[PASS]",54,65.16113,7.414035,"[PASS]",27,0.471261,0.265652,"[PASS]",27,4.254244,0.568275,"[PASS]",54,114.153829,4.586581,"[PASS]",54,20.489408,1.319568,"[PASS]",27,1.494189,0.283578,"[PASS]",54,169.399935,10.128765,"[PASS]",54,8.636485,0.565549,"[PASS]"
116,"MKG113","2005-01-04","2010-01-04",5,54,2.160143,0.728975,"[PASS]",14.21,1.13276,0.716316,"[PASS]",54,57.099377,5.686445,"[PASS]",54,1.405311,0.534014,"[PASS]",27,1.517431,0.647732,"[PASS]",54,114.957802,5.362557,"[PASS]",54,39.361772,2.453128,"[PASS]",54,1.892091,0.27431,"[PASS]",54,173.463423,11.65941,"[PASS]",54,7.080982,0.656666,"[PASS]"
117,"MKG113","2000-01-04","2005-01-04",5,54,0.439071,0.29599,"[PASS]",54,6.380863,0.972104,"[PASS]",54,52.639539,4.385653,"[PASS]",54,0.629264,0.354471,"[PASS]",54,1.898527,0.59003,"[PASS]",54,90.773644,4.332522,"[PASS]",54,61.294224,3.889283,"[PASS]",54,5.255375,0.460456,"[PASS]",54,106.148994,6.640506,"[PASS]",54,5.128956,0.569195,"[PASS]"
118,"OLY421","2000-01-04","2005-01-04",5,54,11.481432,1.255289,"[PASS]",54,7.447716,1.294105,"[PASS]",54,32.209719,6.963479,"[PASS]",54,9.949829,1.071827,"[PASS]",12.86,2.048257,1.198759,"[PASS]",54,1.013599,0.586262,"[PASS]",54,4.643274,0.774762,"[PASS]",54,7.748363,0.634131,"[PASS]",54,6.367922,0.908391,"[PASS]",12.86,0.928699,0.528101,"[PASS]"
119,"OXF122","2016-02-08","2021-02-08",5,54,1.682039,0.664379,"[PASS]",54,7.253834,0.673527,"[PASS]",54,57.261402,5.054082,"[PASS]",54,0.569609,0.107335,"[PASS]",54,9.897758,1.098668,"[PASS]",NA,NA,NA,"FAIL BOXCOX",54,4.920144,0.722458,"[PASS]",4.22,1.251816,0.419683,"[PASS]",54,140.302692,15.258205,"[PASS]",54,6.673842,0.430174,"[PASS]"
120,"OXF122","2011-02-08","2016-02-08",5,54,1.389538,0.494825,"[PASS]",54,11.97309,0.89002,"[PASS]",54,100.074587,10.658407,"[PASS]",54,1.127156,0.190151,"[PASS]",27,3.352033,0.671345,"[PASS]",54,74.955592,3.294506,"[PASS]",54,19.570035,1.673835,"[PASS]",54,2.764794,0.508671,"[PASS]",54,80.034472,7.209216,"[PASS]",54,4.328706,0.351758,"[PASS]"
121,"OXF122","2005-01-04","2010-01-04",5,54,4.034978,1.060093,"[PASS]",54,8.140313,1.112431,"[PASS]",54,199.689136,21.733541,"[PASS]",54,6.933311,0.987426,"[PASS]",24.55,1.737499,0.839572,"[PASS]",54,76.533892,3.795592,"[PASS]",54,30.099996,2.111628,"[PASS]",54,1.279157,0.160485,"[PASS]",54,161.257003,12.939497,"[PASS]",54,3.931088,0.38506,"[PASS]"
122,"OXF122","2000-01-04","2005-01-04",5,22.5,0.695813,0.394966,"[PASS]",54,15.879096,1.701906,"[PASS]",NA,NA,NA,"FAIL BOXCOX",54,0.771532,0.175351,"[PASS]",27,2.61328,0.792317,"[PASS]",54,71.08168,3.634738,"[PASS]",54,30.632444,2.291077,"[PASS]",54,7.188164,0.639381,"[PASS]",54,27.983308,2.89117,"[PASS]",54,1.822439,0.285421,"[PASS]"
123,"PAL190","2016-05-17","2021-05-17",5,67.5,2.305541,0.713039,"[PASS]",54,7.659647,0.579689,"[PASS]",67.5,2.553066,0.539818,"[PASS]",54,1.416729,0.280461,"[PASS]",27,0.651964,0.613636,"[PASS]",54,6.351386,1.221074,"[PASS]",54,2.309116,0.522804,"[PASS]",54,6.009364,0.769372,"[PASS]",54,41.923689,4.79112,"[PASS]",27,1.116924,0.315205,"[PASS]"
124,"PAL190","2007-04-24","2012-04-24",5,135,4.609901,0.731321,"[PASS]",54,6.433691,0.586862,"[PASS]",54,6.479725,1.415344,"[PASS]",54,4.11259,0.719485,"[PASS]",24.55,1.386143,0.657309,"[PASS]",54,10.532224,1.358197,"[PASS]",54,2.950739,0.742742,"[PASS]",54,7.338931,1.092303,"[PASS]",54,28.648433,3.357684,"[PASS]",90,1.016673,0.410427,"[PASS]"
125,"PAR107","2008-02-05","2013-02-05",5,54,8.340252,1.596421,"[PASS]",54,3.910922,0.692162,"[PASS]",27,0.512244,0.23044,"[PASS]",54,1.354349,0.387198,"[PASS]",54,5.176483,0.702372,"[PASS]",NA,NA,NA,"FAIL BOXCOX",54,36.412523,2.091312,"[PASS]",54,4.440614,0.454218,"[PASS]",54,34.710362,2.811883,"[PASS]",54,11.78458,0.695833,"[PASS]"
126,"PAR107","2001-11-27","2006-11-27",5,54,6.399044,0.913551,"[PASS]",54,2.314078,0.56246,"[PASS]",NA,NA,NA,"FAIL BOXCOX",54,0.243144,0.035242,"[PASS]",54,21.631434,1.262587,"[PASS]",NA,NA,NA,"FAIL BOXCOX",54,49.606509,2.765502,"[PASS]",54,21.837424,1.244253,"[PASS]",54,31.233122,2.376637,"[PASS]",54,9.326651,0.656813,"[PASS]"
127,"PED108","2004-07-13","2009-07-13",5,54,1.808914,0.318611,"[PASS]",54,4.137008,0.665446,"[PASS]",54,2.993439,0.677269,"[PASS]",54,5.298065,1.640107,"[PASS]",54,8.561645,0.686173,"[PASS]",NA,NA,NA,"FAIL BOXCOX",54,25.618896,1.786458,"[PASS]",54,6.346325,0.372733,"[PASS]",27,6.486882,4.031646,"[PASS]",54,5.629,0.514081,"[PASS]"
128,"PET427","2007-09-24","2012-09-24",5,27,5.857937,0.858984,"[PASS]",54,3.17782,0.502945,"[PASS]",54,21.105032,2.098151,"[PASS]",54,6.616018,0.622242,"[PASS]",54,0.956477,0.091099,"[PASS]",54,3.33064,0.819413,"[PASS]",54,1.827168,0.927483,"[PASS]",54,6.011726,0.451092,"[PASS]",54,23.169278,2.337425,"[PASS]",54,1.4006,0.369509,"[PASS]"
129,"PET427","2002-09-24","2007-09-24",5,54,5.692856,0.755349,"[PASS]",54,3.275127,0.657228,"[PASS]",54,20.972658,1.970227,"[PASS]",54,6.221034,0.697963,"[PASS]",54,3.200485,0.24658,"[PASS]",54,2.322651,0.890361,"[PASS]",54,3.058332,0.68364,"[PASS]",54,10.188368,0.636148,"[PASS]",54,15.05865,1.87555,"[PASS]",27,1.936491,0.602769,"[PASS]"
130,"PIN414","2000-01-04","2005-01-04",5,54,1.735202,0.118343,"[PASS]",54,11.500682,1.546121,"[PASS]",54,2.750932,0.273245,"[PASS]",54,1.032024,0.075832,"[PASS]",54,2.306349,0.566742,"[PASS]",54,1.942096,0.837797,"[PASS]",54,15.149836,0.852563,"[PASS]",54,15.733554,0.951662,"[PASS]",54,7.515313,0.766622,"[PASS]",54,9.681401,1.820091,"[PASS]"
131,"PND165","2017-07-24","2022-07-24",5,54,27.145589,1.686093,"[PASS]",54,35.791731,2.560056,"[PASS]",54,517.983325,28.823796,"[PASS]",NA,NA,NA,"FAIL BOXCOX",54,13.496946,0.960244,"[PASS]",54,7.347941,1.046785,"[PASS]",54,3.551991,1.019733,"[PASS]",54,3.450867,0.293628,"[PASS]",54,5.297009,3.169069,"[PASS]",54,13.268768,0.993941,"[PASS]"
132,"PND165","2012-07-24","2017-07-24",5,54,52.708569,3.230729,"[PASS]",54,28.837448,2.07535,"[PASS]",NA,NA,NA,"FAIL BOXCOX",NA,NA,NA,"FAIL BOXCOX",54,6.278886,0.442795,"[PASS]",54,5.137722,0.867693,"[PASS]",38.57,0.702139,0.195722,"[PASS]",54,7.694237,0.599681,"[PASS]",54,11.269717,5.327685,"[PASS]",54,8.680612,0.578832,"[PASS]"
133,"PNF126","2010-01-04","2015-01-04",5,27,3.002231,0.829745,"[PASS]",54,1.405734,0.262748,"[PASS]",54,0.632121,0.04173,"[PASS]",54,1.848946,0.433055,"[PASS]",54,8.919631,0.638209,"[PASS]",54,11.823301,1.577654,"[PASS]",54,21.862461,1.633278,"[PASS]",54,17.138743,1.01589,"[PASS]",54,9.69472,3.765625,"[PASS]",54,2.600915,0.397364,"[PASS]"
134,"PNF126","2005-01-04","2010-01-04",5,54,1.893922,0.465107,"[PASS]",54,3.997192,0.483832,"[PASS]",54,8.276373,0.726238,"[PASS]",54,2.559614,0.43531,"[PASS]",54,21.403712,1.247967,"[PASS]",NA,NA,NA,"FAIL BOXCOX",54,22.905381,2.19135,"[PASS]",54,19.822099,1.08362,"[PASS]",90,9.819626,4.882569,"[PASS]",54,6.512569,0.621468,"[PASS]"
135,"PNF126","2000-01-04","2005-01-04",5,12.86,2.055278,0.807166,"[PASS]",54,1.136624,0.455734,"[PASS]",54,0.343184,0.044682,"[PASS]",54,2.713668,0.567992,"[PASS]",54,18.03007,1.080411,"[PASS]",NA,NA,NA,"FAIL BOXCOX",54,35.333014,2.589072,"[PASS]",54,32.557533,1.627128,"[PASS]",135,4.391817,1.897261,"[PASS]",54,2.430107,0.417275,"[PASS]"
136,"PRK134","2017-12-04","2022-12-04",5,54,12.261,2.951982,"[PASS]",54,19.402823,1.447002,"[PASS]",54,8.431283,1.914806,"[PASS]",54,5.4858,1.000099,"[PASS]",54,34.814897,2.640366,"[PASS]",54,89.209562,4.645084,"[PASS]",54,8.123725,0.976899,"[PASS]",54,1.288926,0.530767,"[PASS]",54,229.736318,13.402864,"[PASS]",54,27.607334,1.893598,"[PASS]"
137,"PRK134","2012-12-04","2017-12-04",5,54,13.056862,3.531794,"[PASS]",54,13.780104,1.479891,"[PASS]",27,11.670598,6.002514,"[PASS]",54,4.086539,1.002682,"[PASS]",54,18.223972,1.570519,"[PASS]",54,93.453385,4.703767,"[PASS]",54,11.758169,1.089819,"[PASS]",8.18,0.654245,0.624374,"[PASS]",54,552.234891,35.779778,"[PASS]",54,26.582702,1.751626,"[PASS]"
138,"PRK134","2000-01-04","2005-01-04",5,54,6.531763,2.498226,"[PASS]",54,8.512062,1.259788,"[PASS]",NA,NA,NA,"FAIL BOXCOX",54,3.527752,1.035481,"[PASS]",54,5.589644,1.416013,"[PASS]",54,78.856125,4.832434,"[PASS]",54,18.421054,1.562008,"[PASS]",4.15,1.390359,0.925335,"[PASS]",54,89.894428,5.805011,"[PASS]",54,17.145942,1.622517,"[PASS]"
139,"PSU106","2015-01-04","2020-01-04",5,54,0.740187,0.376673,"[PASS]",54,4.920077,0.476241,"[PASS]",27,10.9276,3.073289,"[PASS]",54,1.308697,0.390873,"[PASS]",54,4.336764,1.049445,"[PASS]",54,80.975448,3.851675,"[PASS]",54,16.380334,1.555224,"[PASS]",27,1.81876,0.456696,"[PASS]",54,60.079073,6.730246,"[PASS]",54,8.02352,0.608745,"[PASS]"
140,"PSU106","2010-01-04","2015-01-04",5,54,0.727441,0.55586,"[PASS]",54,6.875186,0.647817,"[PASS]",54,5.354074,1.151479,"[PASS]",54,0.558411,0.231344,"[PASS]",27,4.780702,0.655888,"[PASS]",54,85.940122,4.085341,"[PASS]",54,16.876564,1.373366,"[PASS]",27,1.461374,0.24226,"[PASS]",54,28.415644,2.939089,"[PASS]",54,6.187782,0.519361,"[PASS]"
141,"PSU106","2005-01-04","2010-01-04",5,54,5.467131,1.440366,"[PASS]",54,1.653479,0.64781,"[PASS]",54,14.807082,1.846713,"[PASS]",54,2.196819,0.626543,"[PASS]",27,3.636685,0.916965,"[PASS]",54,92.526306,4.274549,"[PASS]",54,28.434818,2.08272,"[PASS]",54,2.523137,0.30084,"[PASS]",54,48.371915,4.949746,"[PASS]",54,7.372125,0.575344,"[PASS]"
142,"PSU106","2000-01-04","2005-01-04",5,14.21,0.50465,0.352567,"[PASS]",54,4.65284,0.949455,"[PASS]",NA,NA,NA,"FAIL BOXCOX",NA,NA,NA,"FAIL BOXCOX",54,3.065723,0.610411,"[PASS]",54,72.435861,3.821908,"[PASS]",54,23.386121,1.243802,"[PASS]",54,6.222484,0.481973,"[PASS]",54,27.808949,3.234488,"[PASS]",54,3.257506,0.30252,"[PASS]"
143,"QAK172","2012-07-10","2017-07-10",5,54,2.666104,0.580788,"[PASS]",54,1.721569,0.493643,"[PASS]",54,14.036955,1.724917,"[PASS]",54,0.794421,0.120164,"[PASS]",27,1.410778,0.488063,"[PASS]",54,41.526378,2.582352,"[PASS]",54,5.039792,0.72622,"[PASS]",54,3.607049,0.59007,"[PASS]",54,51.375658,5.330041,"[PASS]",54,3.871831,0.346779,"[PASS]"
144,"QAK172","2005-01-04","2010-01-04",5,54,2.998934,0.5963,"[PASS]",54,1.045316,0.900113,"[PASS]",NA,NA,NA,"FAIL BOXCOX",54,1.419179,0.218365,"[PASS]",54,6.272549,0.822813,"[PASS]",54,32.795702,2.910017,"[PASS]",54,26.162237,3.455388,"[PASS]",NA,NA,NA,"FAIL BOXCOX",54,85.892868,8.392757,"[PASS]",54,7.55904,0.981278,"[PASS]"
145,"QAK172","2000-01-04","2005-01-04",5,54,1.624735,0.612141,"[PASS]",45,0.792764,0.538036,"[PASS]",54,0.233639,0.036004,"[PASS]",54,0.656102,0.186605,"[PASS]",54,4.534052,0.554023,"[PASS]",54,38.649218,3.044565,"[PASS]",54,8.018084,1.005206,"[PASS]",54,7.485083,0.478592,"[PASS]",54,16.779983,1.655789,"[PASS]",54,1.665844,0.28759,"[PASS]"
146,"RED004","2014-09-23","2019-09-23",5,54,8.835696,1.420494,"[PASS]",54,12.306881,1.609269,"[PASS]",54,15.174673,1.929191,"[PASS]",54,1.38896,0.274518,"[PASS]",54,49.329356,3.433103,"[PASS]",54,117.478293,5.644744,"[PASS]",54,29.555724,2.009765,"[PASS]",54,3.84042,0.633438,"[PASS]",54,565.059749,27.10664,"[PASS]",54,38.132444,2.321863,"[PASS]"
147,"ROM206","2016-12-26","2021-12-26",5,54,22.296377,1.436741,"[PASS]",54,7.259928,0.419112,"[PASS]",54,360.048116,19.034532,"[PASS]",NA,NA,NA,"FAIL BOXCOX",54,7.324282,0.601143,"[PASS]",54,7.446142,1.297735,"[PASS]",54,18.124541,5.062854,"[PASS]",54,5.200174,0.314819,"[PASS]",54,1.67755,0.542189,"[PASS]",54,5.298496,0.465452,"[PASS]"
148,"ROM206","2011-12-26","2016-12-26",5,54,20.714925,1.082948,"[PASS]",54,10.499654,0.560853,"[PASS]",54,81.527572,3.578766,"[PASS]",NA,NA,NA,"FAIL BOXCOX",54,2.273818,0.179867,"[PASS]",54,9.395039,1.188166,"[PASS]",54,0.806653,0.310969,"[PASS]",54,5.709065,0.312455,"[PASS]",54,28.461295,3.225081,"[PASS]",54,7.092219,0.471547,"[PASS]"
149,"ROM206","2006-12-26","2011-12-26",5,54,17.778082,1.209227,"[PASS]",54,17.655594,0.955007,"[PASS]",54,18.655971,1.139402,"[PASS]",NA,NA,NA,"FAIL BOXCOX",54,1.212214,0.122582,"[PASS]",54,10.468323,1.533215,"[PASS]",54,1.824504,0.388452,"[PASS]",54,6.267159,0.447972,"[PASS]",54,41.865235,4.13145,"[PASS]",54,6.684431,0.541751,"[PASS]"
150,"ROM406","2010-01-04","2015-01-04",5,54,20.370794,1.234708,"[PASS]",54,11.393345,0.603296,"[PASS]",54,23.222435,1.143566,"[PASS]",NA,NA,NA,"FAIL BOXCOX",54,1.434262,0.126404,"[PASS]",54,17.9379,1.803016,"[PASS]",54,1.77011,0.789252,"[PASS]",54,5.784981,0.341904,"[PASS]",54,13.002745,1.338256,"[PASS]",54,8.424708,0.554529,"[PASS]"
151,"ROM406","2005-01-04","2010-01-04",5,54,26.036412,1.518693,"[PASS]",54,21.963795,1.122909,"[PASS]",54,22.673758,1.187994,"[PASS]",NA,NA,NA,"FAIL BOXCOX",54,3.150701,0.241209,"[PASS]",54,21.383489,2.553642,"[PASS]",54,1.319746,0.257287,"[PASS]",54,11.232591,0.670412,"[PASS]",54,60.010724,6.254039,"[PASS]",54,12.074124,0.850849,"[PASS]"
152,"ROM406","2000-01-04","2005-01-04",5,54,20.074167,1.22948,"[PASS]",54,15.040589,0.932154,"[PASS]",54,22.122023,1.146701,"[PASS]",NA,NA,NA,"FAIL BOXCOX",54,3.310491,0.42581,"[PASS]",54,9.870626,1.919833,"[PASS]",54,1.426985,0.753086,"[PASS]",54,6.804269,0.490377,"[PASS]",54,3.020049,0.564545,"[PASS]",54,10.2829,0.900498,"[PASS]"
153,"SAL133","2018-06-12","2023-06-12",5,54,4.920674,0.992334,"[PASS]",54,23.983808,1.268744,"[PASS]",54,114.850296,9.202884,"[PASS]",54,5.284959,0.754656,"[PASS]",54,26.254968,1.88576,"[PASS]",54,89.404705,3.715674,"[PASS]",54,1.551784,0.573428,"[PASS]",27,1.158615,0.355104,"[PASS]",54,196.636509,20.547752,"[PASS]",54,8.573581,0.520232,"[PASS]"
154,"SAL133","2009-05-12","2014-05-12",5,54,6.758906,1.581677,"[PASS]",54,32.720036,1.703645,"[PASS]",54,57.846767,9.187873,"[PASS]",54,8.519205,1.447537,"[PASS]",54,6.797339,0.813445,"[PASS]",NA,NA,NA,"FAIL BOXCOX",54,6.23167,0.537923,"[PASS]",54,1.611193,0.518464,"[PASS]",54,75.855029,5.970786,"[PASS]",54,4.486804,0.298286,"[PASS]"
155,"SAN189","2007-03-06","2012-03-06",5,54,7.537915,1.160951,"[PASS]",54,43.668096,2.176417,"[PASS]",54,13.303974,1.076323,"[PASS]",54,1.021061,0.144742,"[PASS]",54,15.947014,1.644733,"[PASS]",54,49.118971,3.045567,"[PASS]",54,5.617809,1.128428,"[PASS]",67.5,2.613863,0.808002,"[PASS]",54,26.222727,4.605843,"[PASS]",54,7.3072,0.852868,"[PASS]"
156,"SEK430","2013-08-26","2018-08-26",5,54,14.729949,0.772625,"[PASS]",54,29.354703,1.746121,"[PASS]",54,10.715947,0.558252,"[PASS]",54,2.868245,0.14338,"[PASS]",54,3.539743,1.235101,"[PASS]",67.5,3.73217,2.49825,"[PASS]",54,63.937437,2.622532,"[PASS]",54,30.060132,1.43744,"[PASS]",54,8.370714,0.706533,"[PASS]",54,10.253508,2.294633,"[PASS]"
157,"SEK430","2008-08-26","2013-08-26",5,54,5.53386,0.332301,"[PASS]",54,40.387271,2.365035,"[PASS]",54,2.692863,0.134321,"[PASS]",54,1.248812,0.066794,"[PASS]",54,3.565612,1.237826,"[PASS]",22.5,4.636049,2.359514,"[PASS]",NA,NA,NA,"FAIL BOXCOX",54,30.837564,1.574614,"[PASS]",54,7.455785,0.620199,"[PASS]",54,15.397651,2.913182,"[PASS]"
158,"SHN418","2014-12-02","2019-12-02",5,54,1.393939,0.373901,"[PASS]",54,1.908193,0.379577,"[PASS]",54,99.496102,10.137293,"[PASS]",54,1.34197,0.18857,"[PASS]",27,0.544265,0.301758,"[PASS]",54,25.890381,2.021043,"[PASS]",54,12.298119,1.250758,"[PASS]",54,5.67555,0.677815,"[PASS]",54,5.828584,3.897998,"[PASS]",54,2.16732,0.544386,"[PASS]"
159,"SHN418","2005-06-07","2010-06-07",5,54,1.266008,0.215544,"[PASS]",135,1.467331,0.705669,"[PASS]",54,57.789829,7.516142,"[PASS]",54,2.368059,0.327752,"[PASS]",54,12.062444,1.013783,"[PASS]",54,34.773724,3.213812,"[PASS]",54,23.68367,2.935003,"[PASS]",54,17.599923,1.19394,"[PASS]",27,12.740266,7.0399,"[PASS]",54,5.067621,0.913163,"[PASS]"
160,"SND152","2019-02-04","2024-02-04",5,27,0.928524,0.450161,"[PASS]",54,0.865435,0.214056,"[PASS]",54,7.093877,0.783468,"[PASS]",54,3.74557,1.232763,"[PASS]",54,1.248159,0.471216,"[PASS]",54,35.545573,1.898275,"[PASS]",54,6.642855,0.81274,"[PASS]",54,1.504481,0.370423,"[PASS]",45,6.200882,3.999678,"[PASS]",54,3.109382,0.306413,"[PASS]"
161,"SND152","2014-02-04","2019-02-04",5,54,0.639857,0.380067,"[PASS]",54,2.524435,0.396123,"[PASS]",54,4.188052,0.433345,"[PASS]",54,1.195831,0.36822,"[PASS]",54,1.528731,0.632337,"[PASS]",54,40.378742,2.349617,"[PASS]",54,7.903496,0.908594,"[PASS]",54,1.600589,0.448619,"[PASS]",6.28,5.029432,3.000333,"[PASS]",54,3.120205,0.369347,"[PASS]"
162,"SND152","2004-07-06","2009-07-06",5,54,2.065977,0.706828,"[PASS]",54,14.392076,1.120341,"[PASS]",54,5.931173,0.655415,"[PASS]",54,3.829477,1.244771,"[PASS]",54,3.484038,0.602945,"[PASS]",54,73.14255,3.28911,"[PASS]",54,11.149942,2.233603,"[PASS]",54,9.032607,0.556857,"[PASS]",15.88,4.120691,4.21978,"FAIL (Low SNR)",54,2.02815,0.242248,"[PASS]"
163,"SPD111","2011-01-03","2016-01-03",5,27,2.451657,1.026171,"[PASS]",54,2.509449,0.344573,"[PASS]",54,72.634945,8.4942,"[PASS]",54,3.750093,0.867709,"[PASS]",27,1.669756,0.451057,"[PASS]",54,71.787675,3.20261,"[PASS]",54,23.146471,1.594711,"[PASS]",54,5.143232,0.908644,"[PASS]",54,20.773709,3.853991,"[PASS]",54,7.837533,0.546744,"[PASS]"
164,"SPD111","2006-01-03","2011-01-03",5,54,6.065572,1.870038,"[PASS]",54,2.5776,0.502194,"[PASS]",54,55.955988,6.298064,"[PASS]",54,2.365725,0.480713,"[PASS]",54,1.970683,0.613774,"[PASS]",54,85.785142,4.003302,"[PASS]",54,24.807974,1.813355,"[PASS]",54,3.320415,0.27199,"[PASS]",54,36.896217,6.511141,"[PASS]",54,7.937756,0.57131,"[PASS]"
165,"STK138","2018-05-29","2023-05-29",5,54,7.015778,1.562709,"[PASS]",54,34.568012,1.888247,"[PASS]",54,24.395808,1.997713,"[PASS]",54,2.845681,0.45831,"[PASS]",54,32.115234,2.049889,"[PASS]",54,54.80117,2.610582,"[PASS]",54,1.481561,0.616242,"[PASS]",27,0.693253,0.489718,"[PASS]",54,110.805109,10.100375,"[PASS]",54,12.990125,0.880818,"[PASS]"
166,"STK138","2009-03-31","2014-03-31",5,54,9.150633,1.405964,"[PASS]",54,49.665346,2.35749,"[PASS]",54,17.272192,2.30578,"[PASS]",54,3.412017,0.394168,"[PASS]",54,19.093768,1.348037,"[PASS]",54,74.619433,3.249818,"[PASS]",54,4.162799,0.736373,"[PASS]",24.55,1.022981,0.695214,"[PASS]",54,113.997892,8.361738,"[PASS]",54,13.957237,0.896975,"[PASS]"
167,"SUM156","2010-07-06","2015-07-06",5,27,5.838853,1.437564,"[PASS]",54,1.569107,0.847669,"[PASS]",33.75,35.815749,14.2005,"[PASS]",54,0.458376,0.152643,"[PASS]",18,1.33614,0.975621,"[PASS]",54,2.344553,0.671355,"[PASS]",54,6.17782,0.653014,"[PASS]",54,1.731198,0.491622,"[PASS]",54,2.762722,0.952518,"[PASS]",54,2.469981,0.322191,"[PASS]"
168,"UMA009","2020-11-03","2025-11-03",5,54,13.058343,0.679902,"[PASS]",54,28.401248,1.695289,"[PASS]",54,69.794908,3.176876,"[PASS]",NA,NA,NA,"FAIL BOXCOX",54,8.287912,1.307341,"[PASS]",27,10.014819,4.510673,"[PASS]",54,33.555539,4.96847,"[PASS]",54,5.251048,0.405309,"[PASS]",27,3.497052,0.838156,"[PASS]",54,5.679066,1.080469,"[PASS]"
169,"UVL124","2012-03-27","2017-03-27",5,54,2.710689,0.94341,"[PASS]",54,17.895625,1.345308,"[PASS]",54,11.799318,2.093795,"[PASS]",54,1.291982,0.33199,"[PASS]",54,9.442588,1.099959,"[PASS]",54,68.466979,3.505593,"[PASS]",54,7.52439,0.836478,"[PASS]",27,0.783286,0.599982,"[PASS]",54,232.885655,15.298348,"[PASS]",54,10.04556,1.144874,"[PASS]"
170,"UVL124","2007-03-27","2012-03-27",5,54,4.356196,0.960365,"[PASS]",54,9.212872,1.370052,"[PASS]",54,14.616325,3.061155,"[PASS]",54,2.526243,0.512122,"[PASS]",54,4.878658,0.943771,"[PASS]",NA,NA,NA,"FAIL BOXCOX",54,5.986294,0.621422,"[PASS]",30,0.864998,0.589938,"[PASS]",54,150.368085,8.124006,"[PASS]",54,11.273105,1.267091,"[PASS]"
171,"UVL124","2000-01-04","2005-01-04",5,54,2.869872,0.875138,"[PASS]",54,14.660448,1.813433,"[PASS]",54,2.345962,0.492461,"[PASS]",54,3.700647,0.885285,"[PASS]",12.27,1.385904,1.015787,"[PASS]",54,64.487997,3.384517,"[PASS]",54,12.780561,1.41079,"[PASS]",54,2.179761,0.622117,"[PASS]",54,65.103085,4.231686,"[PASS]",54,5.775259,0.944022,"[PASS]"
172,"VIN140","2014-01-27","2019-01-27",5,54,22.659215,1.924226,"[PASS]",54,8.825835,0.785049,"[PASS]",54,22.92781,1.916937,"[PASS]",54,0.458426,0.042294,"[PASS]",54,4.582725,1.075618,"[PASS]",54,35.13786,2.043043,"[PASS]",54,3.796261,0.503497,"[PASS]",54,1.498989,0.472518,"[PASS]",54,31.230944,7.345306,"[PASS]",54,4.236557,0.352817,"[PASS]"
173,"VIN140","2009-01-27","2014-01-27",5,54,25.205926,1.978954,"[PASS]",54,10.474587,0.949686,"[PASS]",54,17.975369,1.757784,"[PASS]",54,1.6773,0.135889,"[PASS]",54,2.74809,0.729482,"[PASS]",54,33.496949,1.66283,"[PASS]",54,4.966284,0.588369,"[PASS]",54,4.650522,0.647796,"[PASS]",54,16.706858,2.212764,"[PASS]",54,4.074342,0.362737,"[PASS]"
174,"VIN140","2004-01-27","2009-01-27",5,54,30.759174,2.549855,"[PASS]",54,7.478088,1.059809,"[PASS]",54,9.264544,0.673056,"[PASS]",54,2.71787,0.21035,"[PASS]",27,1.972699,0.613023,"[PASS]",54,38.528408,2.062566,"[PASS]",54,3.470362,0.336004,"[PASS]",54,2.19504,0.20864,"[PASS]",54,27.918091,4.557854,"[PASS]",54,3.229374,0.248469,"[PASS]"
175,"VOY413","2001-03-06","2006-03-06",5,54,10.141772,2.094422,"[PASS]",54,1.600138,1.101045,"[PASS]",54,0.778023,0.110865,"[PASS]",54,1.399417,0.601813,"[PASS]",54,2.850316,1.578741,"[PASS]",54,87.101912,6.89925,"[PASS]",54,21.241043,1.590251,"[PASS]",9.64,1.020691,0.884076,"[PASS]",NA,NA,NA,NA,54,14.708042,1.850383,"[PASS]"
176,"VPI120","2012-07-03","2017-07-03",5,27,0.677445,0.3465,"[PASS]",54,1.873494,0.41144,"[PASS]",54,10.476204,1.04846,"[PASS]",54,1.261441,0.266351,"[PASS]",54,1.459835,0.355798,"[PASS]",54,10.447941,1.256315,"[PASS]",54,6.649132,1.599155,"[PASS]",54,6.479901,0.809407,"[PASS]",54,6.853485,2.334808,"[PASS]",54,4.325852,0.517466,"[PASS]"
177,"VPI120","2005-01-04","2010-01-04",5,54,0.67711,0.310759,"[PASS]",54,2.365116,0.525308,"[PASS]",54,41.728263,5.198146,"[PASS]",54,1.331802,0.281912,"[PASS]",54,16.527744,0.976823,"[PASS]",54,17.628003,3.226338,"[PASS]",54,8.263251,1.814278,"[PASS]",54,11.304187,0.612131,"[PASS]",54,7.657474,4.000336,"[PASS]",54,3.63483,0.550007,"[PASS]"
178,"VPI120","2000-01-04","2005-01-04",5,24.55,0.942205,0.662638,"[PASS]",54,0.629013,0.286717,"[PASS]",54,11.654472,1.240669,"[PASS]",54,7.337805,2.282795,"[PASS]",54,14.71065,0.902267,"[PASS]",54,29.589671,2.797723,"[PASS]",54,40.458193,3.526617,"[PASS]",54,16.074124,0.862361,"[PASS]",54,6.92571,3.075672,"[PASS]",54,2.450696,0.388737,"[PASS]"
179,"WFM105","2018-06-12","2023-06-12",5,54,12.35294,1.422812,"[PASS]",24.55,1.533047,0.917697,"[PASS]",NA,NA,NA,"FAIL BOXCOX",54,4.559403,0.649696,"[PASS]",27,0.966935,0.527888,"[PASS]",54,39.54676,2.697681,"[PASS]",54,4.849277,0.849882,"[PASS]",27,0.798048,0.573239,"[PASS]",54,29.296379,3.227564,"[PASS]",54,5.229221,1.003207,"[PASS]"
180,"WFM105","2013-05-28","2018-05-28",5,54,4.469981,0.631536,"[PASS]",7.94,1.793867,0.695374,"[PASS]",54,18.232814,2.399006,"[PASS]",NA,NA,NA,"FAIL BOXCOX",7.94,1.51353,0.736669,"[PASS]",54,34.198417,2.621279,"[PASS]",54,19.945774,2.028899,"[PASS]",7.94,1.560091,0.76304,"[PASS]",54,58.352599,4.719891,"[PASS]",54,4.274352,1.00967,"[PASS]"
181,"WNC429","2004-06-15","2009-06-15",5,54,5.243908,0.696077,"[PASS]",54,10.706228,0.88576,"[PASS]",54,69.1924,4.497952,"[PASS]",NA,NA,NA,"FAIL BOXCOX",54,6.45427,0.865137,"[PASS]",54,12.144214,4.98436,"[PASS]",54,8.034993,0.574438,"[PASS]",54,7.917578,0.722261,"[PASS]",54,34.803973,16.296504,"[PASS]",54,3.17983,0.709285,"[PASS]"
182,"WSP144","2017-11-06","2022-11-06",5,15.88,0.811664,0.718653,"[PASS]",54,1.809484,0.449278,"[PASS]",54,86.760337,14.360407,"[PASS]",54,23.092031,4.842632,"[PASS]",54,13.687607,1.633603,"[PASS]",54,51.249002,2.607859,"[PASS]",54,12.062377,1.370229,"[PASS]",27,0.94007,0.351643,"[PASS]",18,6.133248,2.829143,"[PASS]",54,7.09034,0.56288,"[PASS]"
183,"WSP144","2012-11-06","2017-11-06",5,27,0.265194,0.141454,"[PASS]",54,2.622443,0.561317,"[PASS]",27,22.048706,6.27435,"[PASS]",27,6.193147,2.286021,"[PASS]",54,6.961207,0.97569,"[PASS]",54,59.892346,3.10207,"[PASS]",54,23.015089,1.424032,"[PASS]",27,0.646585,0.37894,"[PASS]",54,8.684109,2.368175,"[PASS]",54,4.391854,0.406397,"[PASS]"
184,"WSP144","2005-01-04","2010-01-04",5,6.43,0.461874,0.267271,"[PASS]",54,8.120602,1.131429,"[PASS]",27,23.470981,5.960697,"[PASS]",27,2.414193,1.432697,"[PASS]",27,5.011363,0.843361,"[PASS]",54,87.371359,4.198359,"[PASS]",54,27.651751,1.792686,"[PASS]",54,3.003429,0.460834,"[PASS]",54,9.645424,2.047815,"[PASS]",54,6.080628,1.065028,"[PASS]"
185,"WSP144","2000-01-04","2005-01-04",5,12.86,0.346469,0.24436,"[PASS]",54,16.916143,1.290157,"[PASS]",NA,NA,NA,"FAIL BOXCOX",54,0.720486,0.307161,"[PASS]",27,3.953438,0.96782,"[PASS]",54,76.819818,3.70979,"[PASS]",54,19.01941,0.999237,"[PASS]",54,7.816516,0.711453,"[PASS]",54,6.795798,2.010229,"[PASS]",54,5.558164,0.991405,"[PASS]"
186,"WST109","2008-10-14","2013-10-14",5,54,15.501365,3.636947,"[PASS]",54,4.10946,0.587541,"[PASS]",54,53.985313,5.35281,"[PASS]",NA,NA,NA,"FAIL BOXCOX",16.88,1.941338,0.899406,"[PASS]",NA,NA,NA,"FAIL BOXCOX",54,55.134914,3.278812,"[PASS]",16.88,1.684605,0.805355,"[PASS]",NA,NA,NA,"FAIL BOXCOX",54,12.75374,0.890049,"[PASS]"
187,"WST109","2003-10-14","2008-10-14",5,54,3.183889,0.880725,"[PASS]",54,3.710036,0.842892,"[PASS]",54,9.575114,0.79896,"[PASS]",NA,NA,NA,"FAIL BOXCOX",54,4.106211,0.957955,"[PASS]",NA,NA,NA,"FAIL BOXCOX",54,42.114571,2.306544,"[PASS]",54,4.438616,1.163236,"[PASS]",54,104.011456,6.263042,"[PASS]",54,11.22878,1.021302,"[PASS]"
188,"YOS404","2000-01-04","2005-01-04",5,54,9.792895,0.698064,"[PASS]",54,42.826027,2.098944,"[PASS]",54,12.027046,0.693572,"[PASS]",NA,NA,NA,"FAIL BOXCOX",54,8.981495,0.606954,"[PASS]",54,15.024748,2.107786,"[PASS]",NA,NA,NA,"FAIL BOXCOX",54,26.145807,1.357288,"[PASS]",54,8.133131,0.597464,"[PASS]",54,40.082581,2.459671,"[PASS]"
