analysis_type,SITE_ID,Start_Date,End_Date,Num_Years,acf_SO2_Lag,fft_SO2_Period,acf_SO4_Lag,fft_SO4_Period,acf_HNO3_Lag,fft_HNO3_Period,acf_NO3_Lag,fft_NO3_Period,acf_TNO3_Lag,fft_TNO3_Period,acf_NH4_Lag,fft_NH4_Period,acf_CA_Lag,fft_CA_Period,acf_K_Lag,fft_K_Period,acf_MG_Lag,fft_MG_Period,acf_Sodium_Lag,fft_Sodium_Period
seg,ABT147,2000-01-04,2011-07-26,11.56,7,52.08,102,52.08,7,52.08,17,52.08,7.0,52.08,157,26.04,226,52.08,NA,NA,67,26.04,153,52.08
same5len,ABT147,2005-01-04,2010-01-04,5.0,50,54,50,54,7,54,20,54,50.0,54.0,50,27.0,23,54,100,27,15,7.71,15,54
same5len,ABT147,2000-01-04,2005-01-04,5.0,60,54,63,54,15,54,10,54,45.0,54.0,45,27.0,45,135,NA,NA,10,54,27,54
same3len,ABT147,2006-01-04,2009-01-04,3.0,50,53.33,50,53.33,23,53.33,37,53.33,50.0,53.33,50,26.67,23,53.33,47,26.67,15,17.78,15,53.33
same3len,ABT147,2019-10-15,2022-10-15,3.0,11,53.33,39,53.33,46,26.67,56,53.33,25.0,53.33,46,26.67,33,26.67,68,26.67,43,26.67,99,53.33
same3len,ABT147,2000-01-04,2003-01-04,3.0,55,53.33,22,53.33,7,53.33,17,53.33,7.0,7.27,22,7.27,15,53.33,65,53.33,76,53.33,23,53.33
same3len,ABT147,2011-08-30,2014-08-30,3.0,89,53.33,15,40,5,20,47,53.33,5.0,53.33,33,53.33,84,26.67,47,26.67,31,26.67,31,53.33
same3len,ABT147,2015-11-10,2018-11-10,3.0,71,53.33,9,26.67,38,26.67,47,53.33,68.0,53.33,30,26.67,15,53.33,9,26.67,59,20,59,53.33
same3len,ABT147,2003-01-04,2006-01-04,3.0,7,53.33,14,53.33,7,53.33,49,53.33,51.0,53.33,89,53.33,67,26.67,NA,NA,21,26.67,58,53.33
seg,ACA416,2000-10-17,2015-05-26,14.6,67,51.2,37,51.2,26,26.48,NA,NA,100.0,26.48,26,51.2,89,51.2,NA,NA,149,26.48,107,51.2
same5len,ACA416,2000-10-17,2005-10-17,5.0,7,54,84,54,17,27,NA,NA,161.0,27.0,60,54.0,30,54,NA,NA,10,27,46,54
same5len,ACA416,2005-10-17,2010-10-17,5.0,50,54,58,54,16,54,10,54,58.0,27.0,26,54.0,34,54,6,54,30,24.55,34,54
same3len,ACA416,2009-10-17,2012-10-17,3.0,40,53.33,14,20,33,26.67,4,53.33,62.0,20,31,26.67,5,26.67,18,40,28,26.67,62,53.33
same3len,ACA416,2006-10-17,2009-10-17,3.0,5,53.33,99,53.33,7,26.67,29,53.33,37.0,26.67,5,53.33,89,4.71,9,40,45,53.33,20,53.33
same3len,ACA416,2015-06-02,2018-06-02,3.0,26,160,71,16,71,53.33,15,53.33,6.0,26.67,25,26.67,15,26.67,7,17.78,21,26.67,53,53.33
same3len,ACA416,2003-10-17,2006-10-17,3.0,100,53.33,28,53.33,26,53.33,NA,NA,40.0,7.27,14,53.33,14,26.67,67,16,46,26.67,46,53.33
same3len,ACA416,2019-01-22,2022-01-22,3.0,63,53.33,16,32,30,26.67,8,53.33,30.0,53.33,33,26.67,70,26.67,27,17.78,12,26.67,5,53.33
same3len,ACA416,2000-10-17,2003-10-17,3.0,13,53.33,53,53.33,30,26.67,17,53.33,15.0,26.67,30,53.33,NA,NA,NA,NA,85,160,17,160
seg,ALC188,2014-03-18,2020-08-04,6.38,26,51.43,85,51.43,20,51.43,109,51.43,87.0,51.43,24,30.0,39,51.43,98,51.43,15,51.43,33,51.43
same5len,ALC188,2014-03-18,2019-03-18,5.0,15,54,65,54,95,45,54,54,54.0,54.0,46,18.0,39,38.57,19,54,15,54,24,54
same3len,ALC188,2021-06-01,2024-06-01,3.0,35,53.33,22,53.33,13,40,30,53.33,42.0,53.33,29,12.31,58,53.33,65,53.33,16,53.33,77,53.33
same3len,ALC188,2014-03-18,2017-03-18,3.0,9,53.33,38,53.33,43,5.33,29,53.33,27.0,13.33,46,8,42,53.33,72,53.33,85,53.33,24,53.33
same3len,ALC188,2017-03-18,2020-03-18,3.0,57,53.33,7,53.33,10,8.89,41,53.33,63.0,53.33,9,8.89,10,80,15,53.33,44,53.33,33,53.33
seg,ALH157,2006-05-02,2016-11-01,10.5,58,52.36,9,52.36,159,52.36,143,52.36,148.0,52.36,255,52.36,257,52.36,21,52.36,102,52.36,223,52.36
seg,ALH157,2000-01-04,2006-04-18,6.29,80,51.43,14,51.43,14,51.43,59,51.43,49.0,51.43,14,25.71,64,51.43,11,51.43,64,51.43,80,51.43
same5len,ALH157,2000-01-04,2005-01-04,5.0,30,54,4,54,30,54,59,54,92.0,54.0,92,27.0,64,54,52,54,64,54,15,54
same5len,ALH157,2011-05-02,2016-05-02,5.0,74,54,61,54,45,54,56,54,74.0,54.0,13,54.0,60,54,24,54,12,54,33,54
same5len,ALH157,2006-05-02,2011-05-02,5.0,17,54,14,54,14,54,17,54,56.0,54.0,56,27.0,36,54,21,54,89,54,19,54
same3len,ALH157,2000-01-04,2003-01-04,3.0,8,53.33,4,53.33,30,53.33,59,53.33,92.0,53.33,14,26.67,25,53.33,32,53.33,33,53.33,30,53.33
same3len,ALH157,2009-05-02,2012-05-02,3.0,22,53.33,14,53.33,9,53.33,61,53.33,25.0,53.33,32,53.33,52,53.33,17,53.33,61,53.33,22,53.33
same3len,ALH157,2006-05-02,2009-05-02,3.0,19,53.33,56,53.33,14,53.33,46,53.33,46.0,53.33,36,26.67,24,53.33,21,53.33,24,53.33,19,53.33
same3len,ALH157,2012-05-02,2015-05-02,3.0,74,53.33,61,53.33,29,53.33,9,53.33,12.0,53.33,58,53.33,75,53.33,21,53.33,45,53.33,33,53.33
same3len,ALH157,2003-01-04,2006-01-04,3.0,9,53.33,7,53.33,14,53.33,6,53.33,26.0,53.33,72,26.67,55,53.33,11,53.33,11,53.33,77,53.33
seg,ANA115,2000-01-04,2008-08-12,8.61,11,50,11,50.0,99,50,NA,NA,90.0,50.0,111,26.47,76,50,111,50,76,50,54,50
seg,ANA115,2010-09-07,2016-09-13,6.02,51,53.33,51,26.67,75,53.33,NA,NA,59.0,53.33,51,53.33,49,26.67,44,53.33,49,53.33,160,53.33
seg,ANA115,2017-03-07,2022-05-10,5.17,62,48,9,26.18,22,48,97,48,56.0,57.6,21,57.6,79,5.24,52,57.6,53,48,105,57.6
same5len,ANA115,2000-01-04,2005-01-04,5.0,30,54,11,54,42,54,5,54,57.0,54.0,19,27.0,57,54,NA,NA,57,54,54,54
same5len,ANA115,2010-09-07,2015-09-07,5.0,51,54,51,54,24,54,NA,NA,16.0,54.0,51,54.0,49,27,91,54,49,54,105,54
same5len,ANA115,2017-03-07,2022-03-07,5.0,37,54,9,27,22,54,97,54,56.0,54.0,56,54.0,79,54,52,54,53,54,105,54
same3len,ANA115,2017-03-07,2020-03-07,3.0,42,53.33,63,26.67,37,53.33,42,53.33,105.0,53.33,38,53.33,79,26.67,59,53.33,41,53.33,25,53.33
same3len,ANA115,2010-09-07,2013-09-07,3.0,24,53.33,19,53.33,59,53.33,NA,NA,59.0,53.33,59,53.33,27,26.67,16,53.33,49,53.33,47,53.33
same3len,ANA115,2003-01-04,2006-01-04,3.0,11,53.33,11,53.33,86,53.33,45,53.33,45.0,53.33,11,26.67,71,53.33,NA,NA,16,53.33,54,53.33
same3len,ANA115,2013-09-07,2016-09-07,3.0,9,53.33,17,26.67,69,53.33,NA,NA,81.0,53.33,4,53.33,57,26.67,17,53.33,57,53.33,15,53.33
same3len,ANA115,2000-01-04,2003-01-04,3.0,33,53.33,12,53.33,18,53.33,NA,NA,29.0,53.33,68,26.67,33,53.33,4,53.33,33,53.33,33,53.33
seg,ARE128,2011-02-08,2024-07-09,13.42,148,51.43,243,51.43,159,51.43,153,51.43,81.0,51.43,135,51.43,52,26.67,12,51.43,52,51.43,179,51.43
seg,ARE128,2000-01-04,2009-07-21,9.54,75,50,28,50.0,172,50,51,50,34.0,50.0,182,50.0,167,26.32,NA,NA,51,26.32,51,50
same5len,ARE128,2000-01-04,2005-01-04,5.0,75,54,157,54,44,54,62,54,36.0,54.0,182,54.0,149,22.5,NA,NA,51,54,51,54
same5len,ARE128,2011-02-08,2016-02-08,5.0,19,54,117,54,24,54,30,54,27.0,54.0,5,27.0,35,24.55,52,27,95,24.55,95,54
same5len,ARE128,2016-02-08,2021-02-08,5.0,61,54,9,27,87,54,4,54,13.0,54.0,85,54.0,31,54,9,54,85,54,52,54
same3len,ARE128,2011-02-08,2014-02-08,3.0,19,53.33,8,53.33,24,53.33,5,53.33,27.0,53.33,41,26.67,22,20,52,26.67,29,26.67,6,53.33
same3len,ARE128,2014-02-08,2017-02-08,3.0,40,53.33,5,26.67,39,53.33,81,53.33,81.0,53.33,21,53.33,44,26.67,9,53.33,21,26.67,37,26.67
same3len,ARE128,2006-01-04,2009-01-04,3.0,11,53.33,18,53.33,8,160,39,53.33,11.0,53.33,18,26.67,52,53.33,47,53.33,55,53.33,51,53.33
same3len,ARE128,2020-02-08,2023-02-08,3.0,11,53.33,52,26.67,17,17.78,30,53.33,9.0,53.33,14,26.67,25,20,42,53.33,79,26.67,45,53.33
same3len,ARE128,2000-01-04,2003-01-04,3.0,10,53.33,35,53.33,78,53.33,53,53.33,97.0,53.33,84,53.33,4,40,39,14.55,4,53.33,17,53.33
same3len,ARE128,2003-01-04,2006-01-04,3.0,7,53.33,48,53.33,18,53.33,51,53.33,34.0,53.33,48,53.33,31,26.67,NA,NA,49,26.67,49,53.33
same3len,ARE128,2017-02-08,2020-02-08,3.0,80,53.33,9,26.67,89,53.33,8,53.33,42.0,53.33,38,53.33,47,32,12,53.33,63,53.33,52,53.33
seg,ASH135,2004-01-27,2022-05-03,18.26,106,53.33,152,50.53,20,25.95,NA,NA,50.0,53.33,9,25.95,238,53.33,109,25.95,NA,NA,97,53.33
same5len,ASH135,2009-01-27,2014-01-27,5.0,40,54,93,135,24,24.55,61,54,14.0,54.0,152,135.0,100,54,6,24.55,19,54,59,54
same5len,ASH135,2014-01-27,2019-01-27,5.0,55,54,60,54,16,27,NA,NA,20.0,54.0,16,24.55,44,54,131,54,NA,NA,147,54
same5len,ASH135,2004-01-27,2009-01-27,5.0,108,54,17,10.38,23,54,NA,NA,58.0,54.0,9,8.44,115,54,56,67.5,121,54,4,54
same3len,ASH135,2010-01-27,2013-01-27,3.0,40,53.33,7,26.67,39,26.67,14,53.33,14.0,53.33,11,26.67,22,53.33,53,26.67,70,5,11,53.33
same3len,ASH135,2016-01-27,2019-01-27,3.0,7,53.33,6,53.33,6,26.67,32,53.33,32.0,53.33,6,26.67,9,53.33,49,26.67,8,53.33,5,53.33
same3len,ASH135,2007-01-27,2010-01-27,3.0,17,53.33,61,53.33,58,53.33,44,53.33,44.0,53.33,61,53.33,27,53.33,27,160,42,53.33,25,53.33
same3len,ASH135,2019-01-27,2022-01-27,3.0,48,53.33,9,53.33,47,26.67,42,53.33,42.0,53.33,9,26.67,60,53.33,18,53.33,51,53.33,27,53.33
same3len,ASH135,2013-01-27,2016-01-27,3.0,55,53.33,63,53.33,34,26.67,36,53.33,34.0,53.33,74,26.67,19,53.33,35,53.33,28,53.33,16,53.33
same3len,ASH135,2000-01-04,2003-01-04,3.0,10,53.33,61,26.67,7,5.93,29,53.33,17.0,53.33,7,5.93,41,53.33,41,26.67,29,53.33,8,53.33
same3len,ASH135,2004-01-27,2007-01-27,3.0,34,53.33,17,12.31,20,26.67,40,53.33,34.0,53.33,17,53.33,6,53.33,42,80,66,53.33,15,53.33
seg,BAS601,2019-01-22,2025-04-08,6.21,64,51.43,38,51.43,55,51.43,19,51.43,32.0,25.71,45,51.43,28,51.43,102,51.43,16,51.43,77,180
same5len,BAS601,2019-01-22,2024-01-22,5.0,16,54,32,67.5,10,54,19,54,32.0,54.0,32,54.0,28,54,32,54,115,54,77,27
same3len,BAS601,2022-01-22,2025-01-22,3.0,49,53.33,49,53.33,6,53.33,49,53.33,5.0,53.33,5,53.33,16,53.33,17,53.33,16,53.33,56,160
same3len,BAS601,2019-01-22,2022-01-22,3.0,16,53.33,16,26.67,10,53.33,32,53.33,32.0,26.67,16,26.67,28,53.33,32,53.33,32,53.33,17,80
seg,BBE401,2005-07-12,2015-12-08,10.41,66,52.36,9,52.36,178,52.36,21,52.36,4.0,52.36,54,52.36,57,52.36,183,52.36,6,52.36,86,52.36
same5len,BBE401,2010-07-12,2015-07-12,5.0,40,90,51,54,65,54,63,54,47.0,54.0,51,54.0,57,54,6,54,80,54,86,54
same5len,BBE401,2005-07-12,2010-07-12,5.0,51,54,14,54,58,54,59,54,48.0,54.0,89,54.0,59,54,29,54,59,54,53,54
same3len,BBE401,2005-07-12,2008-07-12,3.0,36,53.33,38,53.33,36,7.27,21,53.33,15.0,53.33,57,26.67,16,160,29,53.33,19,53.33,53,53.33
same3len,BBE401,2000-11-14,2003-11-14,3.0,7,53.33,80,53.33,35,17.78,9,53.33,40.0,53.33,80,53.33,NA,NA,NA,NA,47,53.33,6,53.33
same3len,BBE401,2011-07-12,2014-07-12,3.0,42,32,47,53.33,38,53.33,21,53.33,47.0,53.33,47,53.33,42,53.33,52,53.33,60,53.33,13,53.33
same3len,BBE401,2008-07-12,2011-07-12,3.0,40,53.33,54,53.33,23,53.33,15,53.33,54.0,53.33,54,53.33,6,160,42,160,6,53.33,4,53.33
same3len,BEL116,2013-02-05,2016-02-05,3.0,18,53.33,5,26.67,7,53.33,4,53.33,81.0,53.33,5,53.33,4,26.67,9,26.67,4,26.67,4,53.33
same3len,BEL116,2000-01-04,2003-01-04,3.0,52,53.33,37,53.33,44,53.33,5,53.33,44.0,53.33,52,53.33,24,4.71,30,53.33,65,53.33,65,14.55
same3len,BEL116,2009-02-03,2012-02-03,3.0,39,53.33,6,53.33,73,53.33,18,53.33,52.0,53.33,64,26.67,19,20,50,53.33,18,53.33,NA,NA
seg,BFT142,2000-01-04,2007-07-03,7.49,104,50,13,50.0,69,50,130,50,20.0,50.0,54,5.88,56,50,57,50,57,50,57,50
seg,BFT142,2012-06-26,2018-08-21,6.15,55,54,224,54.0,33,54,187,54,29.0,54.0,4,54.0,92,54,95,54,107,54,110,54
same5len,BFT142,2000-01-04,2005-01-04,5.0,20,54,13,54,119,54,20,54,13.0,54.0,13,15.0,56,54,68,54,125,54,57,54
same5len,BFT142,2012-06-26,2017-06-26,5.0,55,54,36,54,36,54,163,54,105.0,54.0,4,54.0,9,54,57,54,50,54,33,54
same3len,BFT142,2019-09-10,2022-09-10,3.0,47,53.33,58,53.33,40,53.33,28,53.33,24.0,53.33,14,4.57,24,26.67,4,53.33,15,53.33,15,53.33
same3len,BFT142,2000-01-04,2003-01-04,3.0,62,53.33,13,53.33,121,53.33,20,53.33,13.0,53.33,13,6.67,19,53.33,43,53.33,87,53.33,87,53.33
same3len,BFT142,2012-06-26,2015-06-26,3.0,36,53.33,36,53.33,36,53.33,22,53.33,36.0,53.33,13,53.33,9,53.33,24,53.33,33,53.33,33,53.33
same3len,BFT142,2015-06-26,2018-06-26,3.0,6,53.33,21,53.33,8,26.67,29,53.33,21.0,53.33,4,13.33,58,26.67,69,53.33,20,53.33,20,53.33
same3len,BFT142,2003-01-04,2006-01-04,3.0,35,53.33,17,53.33,25,53.33,9,53.33,17.0,53.33,17,14.55,7,53.33,5,53.33,15,53.33,97,53.33
same3len,BUF603,2019-01-22,2022-01-22,3.0,65,26.67,47,26.67,10,53.33,56,26.67,42.0,53.33,16,26.67,32,53.33,35,53.33,44,53.33,24,26.67
same3len,BUF603,2013-10-15,2016-10-15,3.0,9,53.33,49,53.33,85,53.33,33,14.55,9.0,53.33,49,53.33,45,53.33,53,53.33,NA,NA,14,22.86
seg,BVL130,2006-12-05,2018-12-25,12.05,94,53.33,51,53.33,133,53.33,63,53.33,14.0,53.33,14,53.33,94,53.33,6,53.33,94,53.33,22,53.33
seg,BVL130,2000-01-04,2006-11-28,6.9,170,53.57,137,53.57,102,53.57,100,53.57,49.0,53.57,11,26.79,82,53.57,91,53.57,27,53.57,80,53.57
same5len,BVL130,2000-01-04,2005-01-04,5.0,54,54,95,54,54,54,9,54,84.0,54.0,78,27.0,27,54,163,54,27,54,80,54
same5len,BVL130,2006-12-05,2011-12-05,5.0,124,54,22,54,133,54,63,54,46.0,54.0,122,54.0,25,54,15,54,25,54,28,54
same5len,BVL130,2011-12-05,2016-12-05,5.0,35,54,51,54,29,54,36,54,30.0,54.0,30,54.0,20,54,6,54,20,54,49,54
same3len,BVL130,2012-12-05,2015-12-05,3.0,37,53.33,30,53.33,77,53.33,7,53.33,30.0,53.33,30,53.33,48,53.33,51,53.33,98,53.33,74,53.33
same3len,BVL130,2000-01-04,2003-01-04,3.0,43,53.33,63,53.33,63,53.33,38,53.33,14.0,53.33,8,17.78,45,53.33,88,53.33,45,53.33,30,53.33
same3len,BVL130,2015-12-05,2018-12-05,3.0,37,53.33,52,6.67,64,53.33,37,53.33,47.0,53.33,7,53.33,93,53.33,31,53.33,26,53.33,22,53.33
same3len,BVL130,2009-12-05,2012-12-05,3.0,19,53.33,65,53.33,30,53.33,10,53.33,49.0,53.33,14,53.33,27,53.33,33,53.33,33,53.33,51,53.33
same3len,BVL130,2020-01-21,2023-01-21,3.0,6,53.33,49,26.67,59,53.33,7,53.33,17.0,53.33,32,53.33,50,53.33,42,53.33,32,53.33,83,53.33
same3len,BVL130,2006-12-05,2009-12-05,3.0,83,53.33,9,53.33,14,53.33,65,53.33,46.0,53.33,41,53.33,25,53.33,15,53.33,109,53.33,28,53.33
same3len,BVL130,2003-01-04,2006-01-04,3.0,16,53.33,7,53.33,7,53.33,5,53.33,26.0,53.33,26,26.67,27,53.33,7,53.33,64,53.33,46,53.33
seg,BWR139,2007-06-19,2022-03-01,14.7,4,51.2,92,51.2,7,51.2,51,51.2,47.0,51.2,183,51.2,94,26.48,17,51.2,178,51.2,189,25.6
seg,BWR139,2000-01-04,2005-05-31,5.4,111,57.6,17,48.0,38,48,11,48,17.0,57.6,17,26.18,34,26.18,17,57.6,49,26.18,49,26.18
same5len,BWR139,2000-01-04,2005-01-04,5.0,111,54,157,54,38,54,58,54,88.0,54.0,157,54.0,27,30,17,54,49,54,49,27
same5len,BWR139,2007-06-19,2012-06-19,5.0,29,27,41,54,7,54,104,54,52.0,54.0,157,27.0,9,54,17,54,18,27,18,27
same5len,BWR139,2012-06-19,2017-06-19,5.0,30,54,76,54,54,54,10,54,65.0,54.0,105,54.0,51,27,9,54,NA,NA,62,24.55
same3len,BWR139,2007-06-19,2010-06-19,3.0,29,53.33,36,53.33,7,53.33,7,53.33,34.0,53.33,36,26.67,9,53.33,15,53.33,18,26.67,18,26.67
same3len,BWR139,2000-01-04,2003-01-04,3.0,9,53.33,46,53.33,82,53.33,11,53.33,46.0,53.33,46,53.33,15,9.41,4,53.33,30,53.33,30,26.67
same3len,BWR139,2016-06-19,2019-06-19,3.0,71,26.67,47,26.67,56,53.33,25,53.33,25.0,53.33,25,26.67,38,14.55,NA,NA,103,26.67,32,26.67
same3len,BWR139,2010-06-19,2013-06-19,3.0,24,26.67,8,53.33,52,53.33,4,53.33,47.0,53.33,73,26.67,16,26.67,83,53.33,67,26.67,4,26.67
same3len,BWR139,2013-06-19,2016-06-19,3.0,4,53.33,105,53.33,4,53.33,65,53.33,65.0,53.33,18,53.33,30,26.67,9,53.33,4,26.67,84,26.67
seg,CAD150,2004-06-08,2015-07-21,11.12,61,26.09,164,50.0,58,50,NA,NA,164.0,26.09,159,50.0,173,5.77,4,54.55,63,54.55,63,54.55
same5len,CAD150,2004-06-08,2009-06-08,5.0,88,54,40,54,50,54,NA,NA,50.0,54.0,67,54.0,5,16.88,47,54,134,54,63,9
same5len,CAD150,2009-06-08,2014-06-08,5.0,22,27,4,54,70,54,92,54,4.0,27.0,168,27.0,57,54,4,54,63,54,79,54
same3len,CAD150,2020-06-16,2023-06-16,3.0,21,160,16,53.33,25,16,51,53.33,16.0,26.67,16,22.86,51,20,16,53.33,13,53.33,13,53.33
same3len,CAD150,2007-06-08,2010-06-08,3.0,67,53.33,9,53.33,11,53.33,5,53.33,43.0,53.33,34,22.86,5,17.78,4,53.33,12,53.33,19,53.33
same3len,CAD150,2004-06-08,2007-06-08,3.0,48,53.33,11,53.33,56,53.33,NA,NA,74.0,16,10,53.33,48,160,13,53.33,45,53.33,63,16
same3len,CAD150,2010-06-08,2013-06-08,3.0,22,26.67,12,53.33,12,53.33,16,53.33,57.0,26.67,24,22.86,57,53.33,26,53.33,63,53.33,79,53.33
same3len,CAD150,2015-07-28,2018-07-28,3.0,29,53.33,4,53.33,18,20,24,53.33,47.0,20,93,4.21,91,40,31,53.33,42,53.33,22,53.33
same3len,CAD150,2000-12-26,2003-12-26,3.0,65,53.33,38,53.33,75,53.33,NA,NA,69.0,53.33,38,53.33,17,13.33,126,53.33,8,53.33,10,13.33
seg,CAN407,2000-08-29,2013-09-24,13.07,104,51.43,22,51.43,111,51.43,209,51.43,216.0,25.71,209,51.43,76,51.43,61,25.71,76,51.43,118,51.43
seg,CAN407,2013-10-15,2019-01-08,5.23,6,96,7,48.0,91,48,57,26.18,4.0,26.18,57,48.0,53,26.18,57,18,53,57.6,25,48
same5len,CAN407,2000-08-29,2005-08-29,5.0,6,54,15,54,6,27,24,54,6.0,27.0,52,54.0,19,54,68,12.86,19,54,19,27
same5len,CAN407,2005-08-29,2010-08-29,5.0,27,54,18,54,162,27,194,54,216.0,27.0,162,54.0,31,54,31,10.38,31,54,5,54
same5len,CAN407,2013-10-15,2018-10-15,5.0,6,54,7,54,91,54,25,22.5,91.0,27.0,68,54.0,53,54,57,18,53,54,4,54
same3len,CAN407,2013-10-15,2016-10-15,3.0,26,53.33,48,53.33,8,26.67,4,26.67,44.0,26.67,57,17.78,53,53.33,12,22.86,18,53.33,4,53.33
same3len,CAN407,2006-08-29,2009-08-29,3.0,41,53.33,9,53.33,8,26.67,28,53.33,8.0,26.67,9,53.33,71,53.33,31,53.33,31,53.33,50,53.33
same3len,CAN407,2019-01-29,2022-01-29,3.0,42,53.33,10,53.33,36,53.33,33,17.78,15.0,53.33,18,53.33,24,53.33,87,53.33,24,53.33,81,53.33
same3len,CAN407,2000-08-29,2003-08-29,3.0,43,53.33,50,53.33,6,26.67,14,53.33,6.0,26.67,50,53.33,25,53.33,4,6.67,29,53.33,17,26.67
same3len,CAN407,2003-08-29,2006-08-29,3.0,55,53.33,40,53.33,53,26.67,24,53.33,53.0,26.67,40,53.33,5,53.33,19,160,5,53.33,48,12.31
same3len,CAN407,2009-08-29,2012-08-29,3.0,104,53.33,22,53.33,4,26.67,69,53.33,4.0,26.67,104,6.96,13,53.33,15,4.71,13,53.33,44,53.33
seg,CAT175,2011-03-15,2018-11-27,7.7,142,50.62,53,50.62,59,13.06,56,50.62,59.0,50.62,81,25.31,22,50.62,110,50.62,NA,NA,147,50.62
same5len,CAT175,2011-03-15,2016-03-15,5.0,12,54,53,54,39,90,44,54,5.0,54.0,14,27.0,5,54,44,54,27,54,154,54
same3len,CAT175,2011-03-15,2014-03-15,3.0,9,NA,11,53.33,24,26.67,22,53.33,24.0,53.33,44,26.67,5,53.33,44,NA,9,53.33,13,53.33
same3len,CAT175,2014-03-15,2017-03-15,3.0,36,53.33,12,53.33,59,13.33,7,53.33,12.0,53.33,12,26.67,17,53.33,41,53.33,15,26.67,11,53.33
seg,CDR119,2000-01-04,2009-12-15,9.95,174,54,108,54.0,6,54,NA,NA,24.0,54.0,148,54.0,42,25.71,NA,NA,NA,NA,207,54
same5len,CDR119,2000-01-04,2005-01-04,5.0,150,54,46,54,52,54,NA,NA,52.0,54.0,28,54.0,27,24.55,60,54,27,54,117,54
same3len,CDR119,2006-01-04,2009-01-04,3.0,32,53.33,52,53.33,22,53.33,NA,NA,24.0,53.33,61,53.33,17,26.67,4,53.33,17,53.33,34,53.33
same3len,CDR119,2017-05-02,2020-05-02,3.0,41,53.33,17,9.41,19,53.33,NA,NA,56.0,53.33,17,26.67,31,53.33,42,53.33,54,53.33,52,53.33
same3len,CDR119,2003-01-04,2006-01-04,3.0,21,53.33,7,53.33,45,53.33,NA,NA,12.0,53.33,54,53.33,42,53.33,NA,NA,42,53.33,40,53.33
same3len,CDR119,2012-07-03,2015-07-03,3.0,9,53.33,58,53.33,10,53.33,NA,NA,55.0,53.33,58,26.67,42,53.33,36,26.67,42,53.33,39,53.33
same3len,CDR119,2000-01-04,2003-01-04,3.0,6,53.33,55,53.33,52,53.33,NA,NA,9.0,53.33,52,53.33,57,26.67,4,53.33,4,26.67,15,53.33
seg,CDZ171,2001-08-28,2008-01-29,6.42,35,51.43,11,51.43,9,51.43,118,51.43,31.0,51.43,50,51.43,37,25.71,34,51.43,29,51.43,19,51.43
seg,CDZ171,2011-10-04,2017-03-07,5.42,50,48,102,57.6,18,48,86,48,70.0,48.0,70,26.18,7,26.18,63,57.6,78,48,33,48
same5len,CDZ171,2011-10-04,2016-10-04,5.0,20,54,111,54,45,54,86,54,172.0,54.0,98,27.0,102,54,63,54,27,54,33,54
same5len,CDZ171,2001-08-28,2006-08-28,5.0,16,54,4,54,141,27,8,54,70.0,54.0,50,54.0,37,5.4,7,54,29,54,91,54
same3len,CDZ171,2004-08-28,2007-08-28,3.0,9,53.33,11,53.33,6,53.33,40,53.33,31.0,53.33,11,53.33,43,5.52,11,53.33,6,53.33,10,53.33
same3len,CDZ171,2011-10-04,2014-10-04,3.0,52,53.33,64,53.33,45,53.33,86,53.33,94.0,53.33,70,26.67,7,6.15,51,53.33,27,53.33,33,53.33
same3len,CDZ171,2001-08-28,2004-08-28,3.0,7,53.33,4,53.33,54,10.67,29,53.33,4.0,53.33,49,53.33,7,5.93,50,53.33,29,26.67,11,53.33
seg,CHA467,2003-07-29,2018-12-18,15.39,20,26.13,162,50.62,55,50.62,95,54,101.0,50.62,20,50.62,204,26.13,222,50.62,200,50.62,4,50.62
same5len,CHA467,2013-07-29,2018-07-29,5.0,38,24.55,35,54,14,54,17,54,7.0,54.0,35,54.0,7,54,7,54,72,54,31,54
same5len,CHA467,2008-07-29,2013-07-29,5.0,20,27,54,54,6,54,4,54,9.0,54.0,54,54.0,56,54,124,54,86,54,4,54
same5len,CHA467,2003-07-29,2008-07-29,5.0,22,27,105,54,22,54,57,54,22.0,54.0,87,54.0,26,27,26,54,46,54,38,54
same3len,CHA467,2000-01-04,2003-01-04,3.0,37,26.67,35,53.33,17,53.33,67,53.33,52.0,53.33,35,53.33,20,53.33,32,53.33,29,53.33,5,53.33
same3len,CHA467,2015-07-29,2018-07-29,3.0,35,160,35,53.33,11,53.33,80,53.33,19.0,53.33,35,53.33,19,26.67,23,53.33,57,53.33,66,53.33
same3len,CHA467,2006-07-29,2009-07-29,3.0,22,26.67,96,53.33,52,53.33,97,53.33,22.0,53.33,14,53.33,14,26.67,134,53.33,19,53.33,34,53.33
same3len,CHA467,2009-07-29,2012-07-29,3.0,55,26.67,27,53.33,69,53.33,79,53.33,9.0,53.33,27,53.33,24,53.33,51,53.33,29,53.33,4,53.33
same3len,CHA467,2012-07-29,2015-07-29,3.0,48,26.67,50,53.33,53,53.33,50,53.33,50.0,53.33,24,53.33,7,53.33,52,53.33,7,53.33,43,53.33
same3len,CHA467,2019-01-22,2022-01-22,3.0,42,80,19,53.33,4,53.33,13,53.33,49.0,53.33,34,53.33,14,53.33,43,53.33,30,53.33,13,53.33
same3len,CHA467,2003-07-29,2006-07-29,3.0,58,40,36,53.33,22,53.33,4,53.33,22.0,53.33,36,53.33,26,53.33,107,53.33,26,53.33,4,53.33
seg,CHE185,2009-01-27,2019-08-06,10.52,106,52.36,57,52.36,51,52.36,18,52.36,57.0,52.36,241,52.36,57,96,42,52.36,39,52.36,22,52.36
same5len,CHE185,2009-01-27,2014-01-27,5.0,69,54,28,54,92,54,92,54,57.0,54.0,28,54.0,84,19.29,26,54,99,54,79,54
same5len,CHE185,2014-01-27,2019-01-27,5.0,111,54,120,54,8,54,18,54,57.0,54.0,89,54.0,39,6.43,42,54,39,54,24,54
same3len,CHE185,2002-04-02,2005-04-02,3.0,37,53.33,7,53.33,27,53.33,5,53.33,76.0,53.33,49,26.67,NA,NA,NA,NA,37,53.33,50,16
same3len,CHE185,2020-09-15,2023-09-15,3.0,27,53.33,16,53.33,33,16,14,53.33,41.0,53.33,5,26.67,69,7.27,41,53.33,58,53.33,26,53.33
same3len,CHE185,2015-01-27,2018-01-27,3.0,93,53.33,93,53.33,8,26.67,18,53.33,18.0,53.33,46,26.67,52,40,57,53.33,64,53.33,42,53.33
same3len,CHE185,2009-01-27,2012-01-27,3.0,71,53.33,9,53.33,9,53.33,28,53.33,22.0,53.33,28,53.33,35,22.86,36,53.33,15,53.33,14,53.33
same3len,CHE185,2012-01-27,2015-01-27,3.0,96,53.33,62,53.33,5,53.33,4,53.33,37.0,53.33,62,53.33,27,10,4,53.33,45,53.33,4,53.33
seg,CKT136,2018-05-01,2024-07-09,6.19,14,54,75,54.0,35,54,12,54,38.0,54.0,35,27.0,52,27,28,54,10,54,130,54
same5len,CKT136,2018-05-01,2023-05-01,5.0,103,54,17,27,50,54,12,54,38.0,54.0,95,27.0,89,27,77,54,52,54,43,54
same3len,CKT136,2003-09-09,2006-09-09,3.0,12,53.33,17,53.33,12,53.33,11,53.33,12.0,53.33,4,53.33,44,26.67,109,53.33,6,26.67,44,53.33
same3len,CKT136,2000-01-04,2003-01-04,3.0,31,53.33,46,53.33,22,53.33,15,53.33,39.0,53.33,28,53.33,15,26.67,24,53.33,15,26.67,37,53.33
same3len,CKT136,2021-05-01,2024-05-01,3.0,9,53.33,52,53.33,24,53.33,12,53.33,14.0,53.33,52,10.67,52,26.67,7,53.33,35,26.67,29,53.33
same3len,CKT136,2018-05-01,2021-05-01,3.0,10,53.33,17,26.67,80,53.33,23,53.33,19.0,53.33,56,26.67,42,26.67,9,53.33,27,53.33,43,17.78
seg,CND125,2004-08-17,2016-08-09,11.98,151,53.33,209,53.33,209,53.33,166,53.33,55.0,53.33,29,49.23,86,25.6,150,53.33,138,26.67,31,26.67
seg,CND125,2017-09-26,2023-07-25,5.83,9,53.33,15,53.33,59,29.09,67,53.33,163.0,53.33,9,26.67,21,26.67,35,53.33,43,26.67,43,26.67
same5len,CND125,2009-08-17,2014-08-17,5.0,36,54,106,54,64,67.5,151,54,60.0,54.0,142,27.0,5,27,62,54,31,27,31,27
same5len,CND125,2017-09-26,2022-09-26,5.0,80,54,15,54,59,54,90,54,12.0,54.0,9,19.29,21,27,112,54,43,27,43,27
same5len,CND125,2004-08-17,2009-08-17,5.0,116,54,51,54,51,54,4,54,110.0,54.0,70,54.0,47,54,29,54,98,27,31,27
same3len,CND125,2017-09-26,2020-09-26,3.0,9,53.33,69,53.33,59,8,57,53.33,54.0,53.33,63,8.89,15,53.33,15,53.33,20,26.67,57,26.67
same3len,CND125,2004-08-17,2007-08-17,3.0,43,53.33,51,53.33,51,53.33,31,53.33,43.0,53.33,13,53.33,18,53.33,29,53.33,4,53.33,31,20
same3len,CND125,2010-08-17,2013-08-17,3.0,46,53.33,4,53.33,64,80,6,53.33,10.0,53.33,75,26.67,25,26.67,14,53.33,12,26.67,33,26.67
same3len,CND125,2000-01-25,2003-01-25,3.0,5,53.33,5,53.33,11,53.33,25,53.33,13.0,53.33,5,53.33,10,26.67,NA,NA,15,53.33,36,14.55
same3len,CND125,2007-08-17,2010-08-17,3.0,22,53.33,10,53.33,22,160,15,53.33,6.0,53.33,85,26.67,5,26.67,42,53.33,29,53.33,29,26.67
seg,CNT169,2000-01-04,2016-09-13,16.69,170,52.94,255,52.94,6,52.94,NA,NA,49.0,52.94,52,52.94,96,52.94,NA,NA,NA,NA,NA,NA
same5len,CNT169,2000-01-04,2005-01-04,5.0,9,19.29,18,54,6,54,NA,NA,49.0,54.0,52,54.0,NA,NA,NA,NA,NA,NA,NA,NA
same5len,CNT169,2010-01-04,2015-01-04,5.0,4,27,4,54,49,54,86,54,86.0,54.0,62,54.0,86,54,NA,NA,NA,NA,NA,NA
same5len,CNT169,2005-01-04,2010-01-04,5.0,104,54,61,54,19,54,NA,NA,8.0,54.0,19,54.0,81,54,NA,NA,NA,NA,NA,NA
same3len,CNT169,2009-01-04,2012-01-04,3.0,22,NA,11,NA,10,NA,NA,NA,10.0,NA,11,NA,7,NA,NA,NA,NA,NA,NA,NA
same3len,CNT169,2003-01-04,2006-01-04,3.0,29,80,31,53.33,38,53.33,NA,NA,49.0,53.33,16,53.33,NA,NA,NA,NA,NA,NA,NA,NA
same3len,CNT169,2020-10-27,2023-10-27,3.0,85,53.33,9,53.33,60,53.33,9,53.33,6.0,53.33,9,53.33,4,53.33,NA,NA,NA,NA,4,53.33
same3len,CNT169,2006-01-04,2009-01-04,3.0,33,4.71,55,53.33,8,53.33,NA,NA,33.0,53.33,33,53.33,81,53.33,NA,NA,NA,NA,NA,NA
same3len,CNT169,2012-01-04,2015-01-04,3.0,4,26.67,4,53.33,49,53.33,47,53.33,55.0,53.33,4,53.33,4,53.33,NA,NA,NA,NA,18,53.33
same3len,CNT169,2000-01-04,2003-01-04,3.0,27,4.57,44,53.33,6,53.33,55,53.33,6.0,53.33,52,53.33,16,53.33,16,53.33,NA,NA,25,53.33
same3len,CON186,2003-06-17,2006-06-17,3.0,20,53.33,48,53.33,NA,NA,31,53.33,14.0,53.33,38,53.33,NA,NA,4,53.33,48,53.33,9,53.33
same3len,CON186,2006-07-04,2009-07-04,3.0,16,53.33,54,53.33,6,53.33,62,53.33,6.0,53.33,6,53.33,28,53.33,9,53.33,28,53.33,45,53.33
seg,COW137,2000-01-04,2019-11-05,19.84,9,51.43,206,51.43,22,51.43,NA,NA,147.0,51.43,206,51.43,81,51.43,NA,NA,NA,NA,62,51.43
same5len,COW137,2000-01-04,2005-01-04,5.0,9,54,46,54,9,54,NA,NA,9.0,54.0,46,54.0,41,54,22,54,12,54,69,135
same5len,COW137,2010-01-04,2015-01-04,5.0,79,54,37,54,61,54,17,54,101.0,54.0,25,54.0,13,27,169,54,NA,NA,33,54
same5len,COW137,2005-01-04,2010-01-04,5.0,20,54,55,54,40,54,NA,NA,40.0,54.0,92,54.0,7,54,51,54,120,54,20,54
same3len,COW137,2003-01-04,2006-01-04,3.0,14,53.33,24,53.33,65,53.33,NA,NA,12.0,53.33,24,53.33,12,53.33,5,53.33,12,53.33,67,80
same3len,COW137,2015-01-04,2018-01-04,3.0,51,53.33,24,53.33,10,53.33,13,53.33,51.0,53.33,18,53.33,11,53.33,10,53.33,35,53.33,50,53.33
same3len,COW137,2000-01-04,2003-01-04,3.0,72,53.33,46,53.33,24,53.33,NA,NA,37.0,53.33,46,53.33,27,53.33,22,53.33,52,53.33,56,53.33
same3len,COW137,2012-01-04,2015-01-04,3.0,6,53.33,37,53.33,61,53.33,62,53.33,101.0,53.33,25,53.33,13,26.67,27,53.33,64,53.33,33,53.33
same3len,COW137,2019-11-12,2022-11-12,3.0,NA,NA,38,53.33,11,53.33,50,53.33,47.0,53.33,38,53.33,21,53.33,6,53.33,51,53.33,83,53.33
same3len,COW137,2009-01-04,2012-01-04,3.0,11,53.33,25,53.33,25,53.33,NA,NA,25.0,53.33,25,53.33,94,53.33,40,53.33,17,53.33,112,53.33
same3len,COW137,2006-01-04,2009-01-04,3.0,20,53.33,14,53.33,40,53.33,NA,NA,40.0,53.33,22,53.33,47,53.33,47,53.33,34,53.33,6,53.33
seg,CTH110,2001-08-28,2012-10-02,11.1,185,50,225,50.0,91,54.55,31,54.55,96.0,50.0,14,54.55,23,50,167,50,NA,NA,94,54.55
seg,CTH110,2016-01-05,2024-07-09,8.51,15,50,98,26.47,77,50,110,50,34.0,50.0,123,26.47,153,50,48,50,135,50,179,50
same5len,CTH110,2001-08-28,2006-08-28,5.0,45,54,57,54,39,54,145,54,11.0,54.0,14,54.0,34,54,NA,NA,23,54,100,54
same5len,CTH110,2006-08-28,2011-08-28,5.0,64,54,25,54,32,54,91,54,44.0,54.0,25,27.0,135,54,21,54,135,54,65,54
same5len,CTH110,2016-01-05,2021-01-05,5.0,41,54,59,27,13,54,47,54,29.0,54.0,17,54.0,100,54,100,54,178,54,22,54
same3len,CTH110,2004-08-28,2007-08-28,3.0,23,53.33,42,53.33,11,53.33,31,53.33,11.0,53.33,34,53.33,14,53.33,11,53.33,14,53.33,33,53.33
same3len,CTH110,2007-08-28,2010-08-28,3.0,15,53.33,44,53.33,7,53.33,18,53.33,7.0,53.33,21,26.67,34,53.33,4,53.33,17,53.33,33,53.33
same3len,CTH110,2001-08-28,2004-08-28,3.0,7,53.33,57,53.33,63,6.67,49,53.33,41.0,53.33,15,53.33,23,53.33,NA,NA,23,53.33,27,53.33
same3len,CTH110,2016-01-05,2019-01-05,3.0,71,53.33,47,26.67,31,53.33,47,53.33,43.0,53.33,47,26.67,46,53.33,13,53.33,22,53.33,25,53.33
same3len,CTH110,2019-01-05,2022-01-05,3.0,46,53.33,39,4.32,77,53.33,9,53.33,9.0,53.33,25,53.33,40,53.33,43,53.33,40,53.33,44,53.33
seg,CVL151,2009-01-20,2019-08-06,10.54,18,52.36,8,52.36,101,52.36,86,52.36,47.0,52.36,203,26.18,81,96,45,52.36,157,52.36,79,52.36
seg,CVL151,2000-06-13,2005-08-23,5.19,19,57.6,150,48.0,49,57.6,14,48,49.0,57.6,46,48.0,130,9,19,48,84,48,43,48
same5len,CVL151,2000-06-13,2005-06-13,5.0,19,54,150,54,49,54,14,54,52.0,54.0,46,54.0,130,12.86,19,54,29,54,43,8.44
same5len,CVL151,2014-01-20,2019-01-20,5.0,29,54,4,54,12,67.5,46,54,18.0,54.0,27,27.0,59,4.29,17,54,79,54,79,54
same5len,CVL151,2009-01-20,2014-01-20,5.0,9,54,49,54,56,54,42,54,47.0,54.0,16,12.86,42,24.55,27,54,63,54,39,54
same3len,CVL151,2015-01-20,2018-01-20,3.0,18,53.33,89,53.33,12,6.15,64,53.33,18.0,53.33,43,26.67,74,6.15,14,53.33,89,53.33,14,53.33
same3len,CVL151,2009-01-20,2012-01-20,3.0,9,53.33,48,53.33,42,53.33,47,53.33,37.0,53.33,48,13.33,80,22.86,57,53.33,39,53.33,39,53.33
same3len,CVL151,2000-06-13,2003-06-13,3.0,42,53.33,46,53.33,55,4.21,54,53.33,52.0,53.33,46,53.33,54,8.89,6,53.33,26,53.33,74,53.33
same3len,CVL151,2020-06-09,2023-06-09,3.0,45,53.33,22,53.33,64,53.33,99,53.33,6.0,53.33,22,17.78,51,20,55,53.33,51,53.33,22,53.33
same3len,CVL151,2012-01-20,2015-01-20,3.0,9,53.33,49,53.33,56,53.33,94,53.33,9.0,53.33,19,22.86,36,5.16,9,53.33,9,53.33,33,53.33
seg,DCP114,2000-01-04,2008-09-09,8.68,37,53.33,11,53.33,6,53.33,113,53.33,50.0,53.33,24,53.33,42,53.33,52,53.33,27,53.33,117,53.33
seg,DCP114,2008-09-23,2015-11-10,7.13,216,53.57,51,53.57,191,53.57,95,53.57,74.0,53.57,25,26.79,60,26.79,57,53.57,40,53.57,33,53.57
seg,DCP114,2016-03-15,2022-05-10,6.15,28,54,54,27.0,54,54,106,54,153.0,54.0,54,54.0,28,54,52,54,153,54,43,54
same5len,DCP114,2000-01-04,2005-01-04,5.0,60,54,55,54,60,54,18,54,159.0,54.0,72,54.0,27,22.5,104,54,42,54,117,54
same5len,DCP114,2008-09-23,2013-09-23,5.0,67,54,62,54,55,54,68,54,90.0,54.0,62,27.0,65,27,81,54,65,54,33,54
same5len,DCP114,2016-03-15,2021-03-15,5.0,28,54,9,27,54,54,47,54,56.0,54.0,51,54.0,28,54,52,54,153,54,43,54
same3len,DCP114,2003-01-04,2006-01-04,3.0,60,53.33,26,53.33,21,53.33,18,53.33,34.0,53.33,26,53.33,42,13.33,63,53.33,42,53.33,40,53.33
same3len,DCP114,2008-09-23,2011-09-23,3.0,62,53.33,62,53.33,31,53.33,82,53.33,82.0,53.33,25,26.67,17,26.67,47,53.33,29,53.33,54,53.33
same3len,DCP114,2016-03-15,2019-03-15,3.0,28,53.33,54,6.67,56,53.33,47,53.33,47.0,53.33,47,53.33,28,26.67,50,53.33,37,53.33,43,53.33
same3len,DCP114,2000-01-04,2003-01-04,3.0,9,53.33,55,53.33,55,53.33,74,53.33,5.0,53.33,6,53.33,27,9.41,26,53.33,47,53.33,4,53.33
same3len,DCP114,2019-03-15,2022-03-15,3.0,25,53.33,54,26.67,48,53.33,40,53.33,14.0,53.33,20,26.67,25,53.33,52,53.33,65,53.33,43,53.33
same3len,DCP114,2011-09-23,2014-09-23,3.0,17,53.33,51,53.33,19,53.33,7,53.33,19.0,53.33,16,26.67,54,53.33,6,53.33,8,53.33,6,53.33
seg,DEN417,2002-01-01,2017-06-27,15.49,166,50.62,152,50.62,NA,NA,NA,NA,207.0,50.62,166,50.62,NA,NA,NA,NA,NA,NA,NA,NA
seg,DEN417,2017-07-04,2023-01-03,5.5,26,48,105,48.0,NA,NA,NA,NA,47.0,48.0,68,48.0,123,48,NA,NA,NA,NA,137,48
same5len,DEN417,2002-01-01,2007-01-01,5.0,52,54,14,54,NA,NA,NA,NA,149.0,54.0,39,54.0,89,54,NA,NA,NA,NA,26,54
same5len,DEN417,2017-07-04,2022-07-04,5.0,26,54,105,54,37,54,NA,NA,47.0,54.0,68,54.0,44,54,NA,NA,NA,NA,21,54
same5len,DEN417,2007-01-01,2012-01-01,5.0,18,54,45,54,NA,NA,NA,NA,59.0,54.0,18,54.0,31,54,NA,NA,NA,NA,NA,NA
same5len,DEN417,2012-01-01,2017-01-01,5.0,40,54,77,54,51,54,NA,NA,51.0,54.0,80,54.0,44,54,NA,NA,NA,NA,66,54
same3len,DEN417,2014-01-01,2017-01-01,3.0,40,53.33,17,53.33,40,53.33,NA,NA,51.0,53.33,17,53.33,50,53.33,NA,NA,NA,NA,29,53.33
same3len,DEN417,2008-01-01,2011-01-01,3.0,36,53.33,45,53.33,52,26.67,NA,NA,22.0,53.33,18,53.33,18,53.33,NA,NA,NA,NA,45,53.33
same3len,DEN417,2002-01-01,2005-01-01,3.0,48,53.33,14,53.33,NA,NA,NA,NA,38.0,53.33,39,53.33,73,53.33,NA,NA,NA,NA,26,53.33
same3len,DEN417,2017-07-04,2020-07-04,3.0,76,53.33,114,53.33,NA,NA,NA,NA,36.0,53.33,111,53.33,44,53.33,NA,NA,NA,NA,14,53.33
same3len,DEN417,2011-01-01,2014-01-01,3.0,42,53.33,21,53.33,18,53.33,NA,NA,21.0,53.33,42,53.33,21,53.33,NA,NA,NA,NA,90,53.33
same3len,DEN417,2005-01-01,2008-01-01,3.0,43,53.33,67,53.33,46,53.33,NA,NA,36.0,53.33,21,53.33,NA,NA,NA,NA,NA,NA,NA,NA
seg,DEV412,2001-03-13,2007-07-24,6.36,69,51.43,66,51.43,140,51.43,32,51.43,66.0,51.43,6,51.43,20,51.43,32,51.43,20,51.43,20,51.43
same5len,DEV412,2001-03-13,2006-03-13,5.0,40,54,66,54,66,54,32,54,66.0,54.0,51,54.0,15,54,94,54,15,54,20,54
same3len,DEV412,2001-03-13,2004-03-13,3.0,55,53.33,66,53.33,66,53.33,11,53.33,66.0,53.33,55,53.33,15,53.33,29,53.33,15,53.33,81,53.33
same3len,DEV412,2004-03-13,2007-03-13,3.0,69,53.33,8,53.33,99,53.33,51,53.33,99.0,53.33,6,53.33,20,53.33,27,53.33,20,53.33,20,53.33
seg,DIN431,2017-07-11,2023-08-01,6.06,109,26.67,75,40.0,52,53.33,15,53.33,100.0,26.67,54,26.67,22,53.33,139,53.33,22,53.33,6,53.33
same5len,DIN431,2017-07-11,2022-07-11,5.0,109,27,67,54,46,54,15,54,125.0,27.0,25,27.0,22,54,46,54,22,54,22,54
same3len,DIN431,2020-07-11,2023-07-11,3.0,48,26.67,60,53.33,52,53.33,19,53.33,6.0,26.67,NA,NA,74,53.33,11,53.33,22,53.33,6,53.33
same3len,DIN431,2017-07-11,2020-07-11,3.0,7,26.67,45,40,33,53.33,NA,NA,33.0,26.67,95,26.67,22,53.33,67,53.33,22,53.33,46,53.33
seg,EGB181,2011-03-01,2019-04-23,8.15,132,54,230,15.43,66,54,149,54,59.0,54.0,83,54.0,22,54,27,54,9,54,40,54
seg,EGB181,2001-07-24,2007-04-24,5.75,60,53.33,11,53.33,60,53.33,11,53.33,11.0,53.33,34,26.67,11,53.33,18,53.33,57,53.33,5,53.33
same5len,EGB181,2011-03-01,2016-03-01,5.0,9,54,115,6.59,59,54,51,54,16.0,54.0,91,54.0,78,54,27,54,9,54,105,54
same5len,EGB181,2001-07-24,2006-07-24,5.0,11,54,11,54,39,54,11,54,11.0,54.0,11,16.88,89,54,11,54,123,54,27,54
same3len,EGB181,2011-03-01,2014-03-01,3.0,7,53.33,32,6.4,59,53.33,19,53.33,59.0,53.33,32,53.33,9,53.33,13,53.33,9,53.33,49,53.33
same3len,EGB181,2022-06-07,2025-06-07,3.0,81,17.78,41,5.93,12,53.33,43,53.33,43.0,53.33,27,26.67,7,26.67,12,53.33,7,53.33,43,53.33
same3len,EGB181,2014-03-01,2017-03-01,3.0,36,53.33,51,5,36,53.33,9,53.33,9.0,53.33,55,53.33,69,53.33,9,53.33,20,53.33,18,53.33
same3len,EGB181,2001-07-24,2004-07-24,3.0,18,53.33,60,53.33,75,53.33,23,53.33,15.0,53.33,46,53.33,18,53.33,18,53.33,57,53.33,27,53.33
same3len,EGB181,2007-09-11,2010-09-11,3.0,13,53.33,62,160,62,53.33,54,53.33,57.0,53.33,57,53.33,17,26.67,13,53.33,17,53.33,51,53.33
seg,ESP127,2000-01-04,2016-08-02,16.58,159,52.94,6,52.94,168,52.94,NA,NA,99.0,52.94,6,50.0,27,25.71,55,52.94,NA,NA,159,52.94
seg,ESP127,2018-06-26,2023-08-01,5.1,23,54,89,54.0,15,54,63,54,55.0,54.0,170,27.0,45,27,104,54,10,54,126,54
same5len,ESP127,2005-01-04,2010-01-04,5.0,5,54,6,54,56,54,NA,NA,104.0,54.0,61,54.0,135,54,4,54,68,54,54,54
same5len,ESP127,2010-01-04,2015-01-04,5.0,49,54,49,54,61,54,39,54,99.0,54.0,59,27.0,36,27,12,54,39,27,33,54
same5len,ESP127,2018-06-26,2023-06-26,5.0,23,54,89,54,65,54,63,54,55.0,54.0,51,27.0,45,27,66,54,10,54,126,54
same5len,ESP127,2000-01-04,2005-01-04,5.0,55,54,46,54,49,54,NA,NA,42.0,54.0,55,54.0,37,22.5,NA,NA,29,27,69,54
same3len,ESP127,2000-01-04,2003-01-04,3.0,52,53.33,46,53.33,49,53.33,NA,NA,13.0,53.33,55,53.33,24,26.67,4,53.33,15,53.33,6,53.33
same3len,ESP127,2006-01-04,2009-01-04,3.0,5,53.33,61,53.33,16,53.33,NA,NA,91.0,53.33,61,53.33,27,53.33,4,53.33,5,53.33,19,53.33
same3len,ESP127,2018-06-26,2021-06-26,3.0,16,53.33,28,8.89,52,53.33,63,53.33,55.0,53.33,56,8.89,26,26.67,8,53.33,16,53.33,43,8.42
same3len,ESP127,2003-01-04,2006-01-04,3.0,48,53.33,24,53.33,6,53.33,NA,NA,4.0,53.33,55,53.33,11,26.67,NA,NA,78,26.67,77,53.33
same3len,ESP127,2012-01-04,2015-01-04,3.0,49,53.33,6,53.33,99,53.33,39,53.33,72.0,53.33,6,13.33,36,80,24,53.33,29,53.33,33,53.33
same3len,ESP127,2009-01-04,2012-01-04,3.0,9,53.33,42,53.33,10,53.33,47,53.33,10.0,53.33,10,26.67,14,22.86,9,53.33,39,53.33,37,53.33
same3len,EVE419,2019-03-12,2022-03-12,3.0,99,6.15,20,53.33,37,4.57,8,53.33,8.0,53.33,65,53.33,41,53.33,70,53.33,37,53.33,23,53.33
same3len,EVE419,2000-01-04,2003-01-04,3.0,82,53.33,35,53.33,23,53.33,64,53.33,20.0,53.33,38,80,24,53.33,11,53.33,45,53.33,58,53.33
seg,FOR605,2013-11-05,2018-12-18,5.12,7,54,46,54.0,27,54,82,30,40.0,54.0,46,54.0,53,54,71,54,53,54,NA,NA
same5len,FOR605,2013-11-05,2018-11-05,5.0,7,54,46,54,27,54,82,30,40.0,54.0,46,54.0,53,54,NA,NA,53,54,NA,NA
same3len,FOR605,2020-09-15,2023-09-15,3.0,9,NA,19,NA,10,NA,13,NA,13.0,NA,13,NA,4,NA,7,NA,115,NA,4,NA
same3len,FOR605,2013-11-05,2016-11-05,3.0,7,53.33,49,53.33,85,53.33,67,4.1,33.0,53.33,60,53.33,45,53.33,71,53.33,28,53.33,NA,NA
seg,GAS153,2000-07-18,2024-07-09,23.98,NA,NA,81,51.2,187,71.11,NA,NA,228.0,53.33,97,51.2,81,26.12,NA,NA,NA,NA,147,26.12
same5len,GAS153,2005-07-18,2010-07-18,5.0,25,54,67,54,22,90,45,54,127.0,54.0,10,54.0,66,54,17,54,164,54,78,90
same5len,GAS153,2010-07-18,2015-07-18,5.0,26,54,9,54,52,67.5,140,54,26.0,54.0,5,27.0,51,27,55,54,39,27,22,54
same5len,GAS153,2000-07-18,2005-07-18,5.0,28,54,37,54,5,54,NA,NA,32.0,54.0,46,54.0,48,27,29,54,54,54,7,135
same5len,GAS153,2015-07-18,2020-07-18,5.0,31,54,81,54,20,90,54,54,11.0,54.0,42,14.21,32,54,57,54,48,54,20,16.88
same3len,GAS153,2015-07-18,2018-07-18,3.0,18,53.33,4,53.33,40,20,62,53.33,7.0,53.33,42,40,32,26.67,57,53.33,65,26.67,11,53.33
same3len,GAS153,2009-07-18,2012-07-18,3.0,22,53.33,19,53.33,25,40,58,53.33,4.0,53.33,10,53.33,77,26.67,21,53.33,27,26.67,29,40
same3len,GAS153,2003-07-18,2006-07-18,3.0,37,53.33,11,53.33,32,53.33,NA,NA,32.0,53.33,28,53.33,6,26.67,17,53.33,7,53.33,7,7.62
same3len,GAS153,2006-07-18,2009-07-18,3.0,4,53.33,67,53.33,22,160,48,53.33,75.0,53.33,67,53.33,66,53.33,31,53.33,21,53.33,10,17.78
same3len,GAS153,2012-07-18,2015-07-18,3.0,52,53.33,9,53.33,16,53.33,5,53.33,16.0,53.33,12,5.52,13,26.67,29,53.33,8,53.33,22,6.4
same3len,GAS153,2000-07-18,2003-07-18,3.0,7,53.33,46,53.33,5,6.96,12,53.33,37.0,53.33,46,53.33,60,26.67,11,53.33,34,26.67,76,26.67
same3len,GAS153,2018-07-18,2021-07-18,3.0,8,53.33,97,53.33,52,80,50,53.33,63.0,53.33,9,8.89,16,26.67,27,53.33,18,53.33,50,26.67
seg,GLR468,2004-01-13,2011-03-08,7.15,10,53.57,111,53.57,30,53.57,18,53.57,135.0,53.57,108,15.62,135,53.57,38,53.57,NA,NA,71,53.57
same5len,GLR468,2004-01-13,2009-01-13,5.0,8,54,164,54,55,54,18,54,135.0,54.0,30,12.27,135,54,38,54,NA,NA,31,54
same3len,GLR468,2004-01-13,2007-01-13,3.0,4,53.33,42,7.62,30,17.78,60,53.33,42.0,17.78,42,16,10,53.33,42,53.33,38,53.33,60,53.33
same3len,GLR468,2007-01-13,2010-01-13,3.0,55,53.33,111,53.33,76,53.33,43,53.33,43.0,53.33,55,53.33,50,53.33,55,53.33,66,53.33,10,53.33
same3len,GLR468,2019-01-22,2022-01-22,3.0,13,13.33,47,53.33,22,53.33,26,53.33,9.0,53.33,47,22.86,44,53.33,14,53.33,44,53.33,44,53.33
same3len,GLR468,2011-03-29,2014-03-29,3.0,107,17.78,61,26.67,4,26.67,26,53.33,10.0,26.67,4,4.1,NA,NA,7,53.33,NA,NA,7,53.33
same3len,GLR468,2000-01-04,2003-01-04,3.0,19,160,21,26.67,57,26.67,4,53.33,64.0,53.33,19,80,64,53.33,15,53.33,36,53.33,43,53.33
seg,GRB411,2012-05-01,2018-12-18,6.63,35,90,63,51.43,57,51.43,18,51.43,57.0,51.43,63,51.43,53,51.43,14,51.43,116,51.43,14,51.43
same5len,GRB411,2012-05-01,2017-05-01,5.0,94,90,48,54,57,54,119,54,57.0,54.0,63,54.0,102,54,39,54,66,54,24,54
same3len,GRB411,2019-07-02,2022-07-02,3.0,39,53.33,54,53.33,4,53.33,28,53.33,15.0,53.33,64,53.33,54,53.33,54,53.33,54,53.33,54,53.33
same3len,GRB411,2015-05-01,2018-05-01,3.0,8,80,7,53.33,50,53.33,84,53.33,11.0,53.33,5,53.33,7,53.33,14,53.33,7,53.33,7,53.33
same3len,GRB411,2000-07-04,2003-07-04,3.0,43,53.33,60,53.33,47,53.33,34,53.33,47.0,53.33,55,53.33,6,53.33,6,53.33,NA,NA,60,53.33
same3len,GRB411,2012-05-01,2015-05-01,3.0,12,40,48,53.33,49,53.33,18,53.33,57.0,53.33,30,53.33,66,53.33,48,53.33,66,53.33,66,53.33
same3len,GRB411,2007-03-27,2010-03-27,3.0,71,53.33,51,53.33,59,53.33,9,53.33,59.0,53.33,8,53.33,51,53.33,51,53.33,51,53.33,31,53.33
seg,GRC474,2010-01-26,2019-01-22,8.99,75,160,28,53.33,144,53.33,102,53.33,45.0,53.33,102,53.33,50,53.33,59,53.33,NA,NA,196,53.33
seg,GRC474,2003-07-29,2009-05-12,5.79,16,64,28,53.33,68,53.33,81,53.33,5.0,53.33,52,53.33,26,53.33,67,53.33,79,53.33,23,53.33
same5len,GRC474,2003-07-29,2008-07-29,5.0,59,67.5,28,54,68,54,51,54,5.0,54.0,52,54.0,26,54,64,54,56,54,90,54
same5len,GRC474,2010-01-26,2015-01-26,5.0,62,135,99,54,158,54,102,54,99.0,54.0,127,54.0,50,54,59,54,NA,NA,65,54
same3len,GRC474,2013-01-26,2016-01-26,3.0,43,26.67,55,53.33,6,53.33,25,53.33,37.0,53.33,4,53.33,57,53.33,57,53.33,106,53.33,5,53.33
same3len,GRC474,2003-07-29,2006-07-29,3.0,59,80,28,53.33,46,53.33,120,53.33,5.0,53.33,87,53.33,5,53.33,5,53.33,79,53.33,72,53.33
same3len,GRC474,2020-04-07,2023-04-07,3.0,6,20,39,53.33,16,53.33,28,53.33,28.0,53.33,27,53.33,54,53.33,15,53.33,54,53.33,41,53.33
same3len,GRC474,2010-01-26,2013-01-26,3.0,62,160,28,53.33,62,53.33,20,53.33,23.0,53.33,99,53.33,13,53.33,74,53.33,50,53.33,23,53.33
same3len,GRC474,2000-01-04,2003-01-04,3.0,25,53.33,NA,NA,8,53.33,94,53.33,11.0,53.33,11,53.33,87,53.33,37,53.33,59,53.33,30,53.33
same3len,GRS420,2008-07-15,2011-07-15,3.0,42,53.33,29,53.33,20,80,33,53.33,47.0,53.33,29,53.33,5,53.33,55,53.33,37,53.33,78,53.33
same3len,GRS420,2000-01-04,2003-01-04,3.0,20,53.33,46,53.33,20,53.33,39,53.33,20.0,53.33,22,53.33,15,6.96,8,53.33,8,53.33,8,26.67
seg,GTH161,2004-06-22,2013-05-21,8.91,89,120,73,53.33,8,53.33,28,53.33,28.0,53.33,123,53.33,76,53.33,NA,NA,NA,NA,NA,NA
seg,GTH161,2013-05-28,2020-11-10,7.46,4,200,4,50.0,57,50,105,50,57.0,50.0,199,50.0,43,50,NA,NA,NA,NA,64,50
same5len,GTH161,2004-06-22,2009-06-22,5.0,85,135,28,54,19,54,28,54,28.0,54.0,51,54.0,5,54,NA,NA,NA,NA,NA,NA
same5len,GTH161,2013-05-28,2018-05-28,5.0,4,38.57,4,54,17,54,105,54,130.0,54.0,4,54.0,46,54,NA,NA,NA,NA,64,54
same3len,GTH161,2020-12-01,2023-12-01,3.0,14,160,5,53.33,48,53.33,22,53.33,22.0,53.33,5,53.33,56,53.33,5,53.33,56,53.33,63,53.33
same3len,GTH161,2000-01-04,2003-01-04,3.0,22,17.78,6,53.33,21,53.33,15,53.33,25.0,53.33,58,53.33,19,53.33,9,53.33,NA,NA,51,53.33
same3len,GTH161,2004-06-22,2007-06-22,3.0,26,160,43,53.33,19,53.33,40,53.33,11.0,53.33,11,53.33,19,53.33,NA,NA,NA,NA,40,53.33
same3len,GTH161,2016-05-28,2019-05-28,3.0,27,26.67,4,53.33,19,53.33,60,53.33,4.0,53.33,4,53.33,60,53.33,46,53.33,72,53.33,4,53.33
same3len,GTH161,2013-05-28,2016-05-28,3.0,4,40,48,53.33,17,53.33,100,53.33,59.0,53.33,46,53.33,59,53.33,NA,NA,NA,NA,38,53.33
same3len,GTH161,2007-06-22,2010-06-22,3.0,14,26.67,79,53.33,16,53.33,5,53.33,28.0,53.33,5,53.33,5,53.33,53,53.33,NA,NA,5,53.33
same3len,HOW132,2003-11-18,2006-11-18,3.0,34,53.33,34,53.33,20,5.71,NA,NA,11.0,53.33,34,53.33,17,53.33,62,53.33,32,53.33,32,53.33
same3len,HOW132,2000-01-04,2003-01-04,3.0,17,53.33,22,53.33,12,26.67,81,53.33,17.0,53.33,22,53.33,70,53.33,55,53.33,17,53.33,68,53.33
seg,HOX148,2009-04-14,2024-07-09,15.24,5,53.33,136,25.81,197,53.33,152,53.33,5.0,53.33,136,53.33,178,53.33,NA,NA,40,53.33,NA,NA
seg,HOX148,2000-10-31,2005-11-08,5.02,11,54,111,54.0,68,54,5,54,49.0,54.0,111,5.29,57,54,NA,NA,57,54,124,54
same5len,HOX148,2000-10-31,2005-10-31,5.0,11,54,111,54,68,54,5,54,49.0,54.0,111,5.29,57,54,NA,NA,57,54,124,54
same5len,HOX148,2019-04-14,2024-04-14,5.0,37,54,9,4.29,12,54,52,54,9.0,54.0,9,54.0,50,54,15,54,65,54,91,54
same5len,HOX148,2009-04-14,2014-04-14,5.0,5,54,11,5.87,5,54,35,54,16.0,54.0,11,54.0,35,54,13,54,29,54,NA,NA
same5len,HOX148,2014-04-14,2019-04-14,5.0,9,54,149,12.27,120,54,56,54,75.0,54.0,17,54.0,30,54,52,54,30,54,51,54
same3len,HOX148,2021-04-14,2024-04-14,3.0,5,13.33,79,9.41,43,53.33,7,53.33,106.0,53.33,79,26.67,25,26.67,7,53.33,25,53.33,94,53.33
same3len,HOX148,2012-04-14,2015-04-14,3.0,51,53.33,11,26.67,56,53.33,19,53.33,51.0,53.33,51,53.33,11,53.33,61,53.33,49,53.33,49,53.33
same3len,HOX148,2018-04-14,2021-04-14,3.0,9,53.33,9,53.33,22,53.33,26,53.33,12.0,53.33,51,53.33,37,53.33,33,53.33,11,53.33,65,53.33
same3len,HOX148,2015-04-14,2018-04-14,3.0,9,53.33,58,13.33,58,4.44,95,53.33,75.0,53.33,39,53.33,101,26.67,104,53.33,8,53.33,51,53.33
same3len,HOX148,2000-10-31,2003-10-31,3.0,57,53.33,111,53.33,68,53.33,5,53.33,64.0,53.33,64,5.52,14,53.33,NA,NA,14,53.33,99,53.33
same3len,HOX148,2009-04-14,2012-04-14,3.0,27,53.33,19,5.93,30,53.33,21,53.33,40.0,53.33,19,26.67,48,53.33,33,53.33,48,53.33,NA,NA
seg,HWF187,2002-05-28,2014-10-21,12.4,57,54,53,25.92,66,54,NA,NA,192.0,54.0,53,25.92,89,54,207,54,NA,NA,NA,NA
seg,HWF187,2014-11-04,2022-05-03,7.49,9,50,12,26.67,164,50,NA,NA,44.0,50.0,12,26.67,56,50,59,50,NA,NA,250,50
same5len,HWF187,2007-05-28,2012-05-28,5.0,57,54,95,54,95,54,NA,NA,4.0,54.0,21,27.0,89,54,57,54,NA,NA,NA,NA
same5len,HWF187,2014-11-04,2019-11-04,5.0,71,54,44,27,44,54,NA,NA,44.0,54.0,44,27.0,125,54,32,54,NA,NA,NA,NA
same5len,HWF187,2002-05-28,2007-05-28,5.0,17,54,23,54,5,54,NA,NA,18.0,54.0,23,54.0,18,54,23,54,NA,NA,56,54
same3len,HWF187,2002-05-28,2005-05-28,3.0,59,53.33,46,53.33,5,53.33,NA,NA,5.0,53.33,46,53.33,5,53.33,66,53.33,21,53.33,56,53.33
same3len,HWF187,2005-05-28,2008-05-28,3.0,33,53.33,23,53.33,42,53.33,NA,NA,42.0,53.33,23,53.33,47,53.33,21,53.33,NA,NA,57,53.33
same3len,HWF187,2008-05-28,2011-05-28,3.0,57,53.33,22,26.67,14,53.33,NA,NA,14.0,53.33,4,26.67,107,53.33,57,53.33,NA,NA,NA,NA
same3len,HWF187,2011-05-28,2014-05-28,3.0,57,53.33,17,53.33,66,53.33,NA,NA,10.0,53.33,53,26.67,78,53.33,47,53.33,NA,NA,28,53.33
same3len,HWF187,2014-11-04,2017-11-04,3.0,62,53.33,44,13.33,5,53.33,NA,NA,12.0,53.33,12,13.33,56,53.33,34,53.33,NA,NA,50,53.33
same3len,HWF187,2017-11-04,2020-11-04,3.0,11,53.33,54,26.67,44,53.33,NA,NA,44.0,53.33,54,26.67,31,53.33,13,53.33,NA,NA,NA,NA
seg,IRL141,2008-03-11,2016-10-04,8.57,57,50,52,50.0,37,56.25,251,50,29.0,50.0,52,50.0,7,17.31,29,50,29,50,29,50
same5len,IRL141,2008-03-11,2013-03-11,5.0,182,135,7,27,69,54,23,54,29.0,54.0,100,54.0,102,16.88,31,7.71,29,27,55,27
same3len,IRL141,2019-09-03,2022-09-03,3.0,6,53.33,15,26.67,18,53.33,12,53.33,12.0,53.33,64,4.57,55,53.33,7,53.33,87,53.33,87,53.33
same3len,IRL141,2011-03-11,2014-03-11,3.0,14,53.33,26,53.33,49,53.33,29,53.33,29.0,53.33,26,53.33,52,17.78,29,53.33,29,53.33,29,53.33
same3len,IRL141,2001-07-03,2004-07-03,3.0,8,160,11,26.67,19,53.33,11,53.33,81.0,53.33,41,6.67,26,53.33,28,53.33,7,26.67,7,26.67
same3len,IRL141,2008-03-11,2011-03-11,3.0,87,53.33,61,26.67,69,53.33,27,53.33,102.0,53.33,16,7.62,7,53.33,31,7.62,29,26.67,29,26.67
seg,JOT403,2000-08-22,2011-05-10,10.71,211,52.36,49,52.36,8,52.36,11,52.36,49.0,52.36,11,52.36,153,52.36,116,52.36,58,52.36,118,52.36
seg,JOT403,2013-09-10,2018-12-18,5.27,62,48,11,57.6,14,57.6,11,57.6,11.0,57.6,11,57.6,15,57.6,108,57.6,87,57.6,87,48
same5len,JOT403,2013-09-10,2018-09-10,5.0,11,54,11,54,152,54,11,54,11.0,54.0,11,54.0,62,54,108,54,98,54,98,54
same5len,JOT403,2005-08-22,2010-08-22,5.0,19,54,104,54,54,54,23,54,28.0,54.0,159,54.0,81,54,28,54,19,54,65,54
same5len,JOT403,2000-08-22,2005-08-22,5.0,31,54,98,54,8,54,11,54,49.0,54.0,11,54.0,49,54,49,54,49,54,118,54
same3len,JOT403,2013-09-10,2016-09-10,3.0,30,53.33,23,53.33,6,53.33,11,53.33,70.0,53.33,8,53.33,15,53.33,30,53.33,25,53.33,22,53.33
same3len,JOT403,2003-08-22,2006-08-22,3.0,60,53.33,49,53.33,49,53.33,16,53.33,49.0,53.33,11,53.33,49,53.33,42,53.33,5,53.33,5,53.33
same3len,JOT403,2006-08-22,2009-08-22,3.0,19,53.33,19,53.33,60,53.33,23,53.33,6.0,53.33,19,53.33,28,53.33,4,53.33,51,53.33,70,53.33
same3len,JOT403,2019-10-15,2022-10-15,3.0,31,53.33,25,53.33,60,53.33,43,53.33,55.0,53.33,6,53.33,54,53.33,48,53.33,54,53.33,11,53.33
same3len,JOT403,2000-08-22,2003-08-22,3.0,40,53.33,40,53.33,25,53.33,98,8.89,13.0,53.33,11,53.33,101,53.33,104,53.33,13,53.33,13,53.33
seg,KEF112,2013-10-15,2024-01-09,10.23,104,54,81,25.71,178,54,104,54,52.0,54.0,81,25.71,104,54,104,54,18,54,84,54
seg,KEF112,2007-12-25,2013-10-01,5.77,7,53.33,25,53.33,33,53.33,31,53.33,31.0,53.33,25,26.67,65,26.67,29,53.33,29,53.33,6,53.33
same5len,KEF112,2018-10-15,2023-10-15,5.0,73,54,30,27,129,54,56,54,9.0,54.0,30,27.0,40,27,52,54,31,27,48,54
same5len,KEF112,2007-12-25,2012-12-25,5.0,5,54,25,54,33,54,NA,NA,25.0,54.0,25,27.0,60,54,29,54,54,54,6,54
same5len,KEF112,2013-10-15,2018-10-15,5.0,48,54,12,54,5,54,15,54,12.0,54.0,12,27.0,104,27,44,54,18,54,11,54
same3len,KEF112,2000-11-07,2003-11-07,3.0,50,53.33,15,53.33,75,53.33,NA,NA,39.0,53.33,39,53.33,61,160,NA,NA,NA,NA,100,53.33
same3len,KEF112,2016-10-15,2019-10-15,3.0,56,53.33,12,26.67,9,53.33,40,53.33,7.0,53.33,12,26.67,7,53.33,12,53.33,7,53.33,52,53.33
same3len,KEF112,2013-10-15,2016-10-15,3.0,53,53.33,12,53.33,5,53.33,8,53.33,12.0,53.33,12,26.67,63,26.67,44,53.33,18,26.67,11,53.33
same3len,KEF112,2019-10-15,2022-10-15,3.0,73,53.33,34,26.67,73,17.78,4,53.33,9.0,53.33,21,26.67,31,26.67,73,53.33,31,26.67,48,53.33
same3len,KEF112,2007-12-25,2010-12-25,3.0,22,53.33,4,53.33,33,53.33,NA,NA,31.0,53.33,25,26.67,17,53.33,29,26.67,17,53.33,6,53.33
seg,KNZ184,2002-03-26,2011-10-18,9.56,17,26.32,92,50.0,209,50,143,50,63.0,50.0,34,50.0,17,50,11,50,17,50,11,50
seg,KNZ184,2012-02-28,2021-02-23,8.99,119,53.33,37,53.33,108,53.33,210,53.33,9.0,53.33,55,53.33,116,53.33,52,53.33,64,53.33,46,26.67
same5len,KNZ184,2012-02-28,2017-02-28,5.0,112,54,37,54,59,54,29,54,33.0,54.0,52,54.0,81,54,153,54,21,54,51,27
same5len,KNZ184,2002-03-26,2007-03-26,5.0,49,27,11,54,6,54,35,54,7.0,54.0,136,54.0,35,54,82,54,76,54,91,54
same3len,KNZ184,2005-03-26,2008-03-26,3.0,71,53.33,36,53.33,76,53.33,24,53.33,24.0,53.33,12,26.67,82,53.33,29,53.33,19,53.33,11,8.89
same3len,KNZ184,2015-02-28,2018-02-28,3.0,24,53.33,20,53.33,8,53.33,84,53.33,84.0,53.33,43,53.33,17,17.78,4,53.33,32,53.33,46,26.67
same3len,KNZ184,2012-02-28,2015-02-28,3.0,33,53.33,37,53.33,40,53.33,29,53.33,29.0,53.33,17,53.33,49,53.33,33,53.33,21,53.33,63,53.33
same3len,KNZ184,2002-03-26,2005-03-26,3.0,49,26.67,4,53.33,6,53.33,7,53.33,49.0,53.33,27,53.33,49,53.33,32,53.33,80,53.33,15,53.33
same3len,KNZ184,2021-03-02,2024-03-02,3.0,54,53.33,72,53.33,40,53.33,15,53.33,21.0,53.33,38,53.33,8,53.33,31,53.33,21,53.33,29,53.33
same3len,KNZ184,2008-03-26,2011-03-26,3.0,17,53.33,9,13.33,22,53.33,17,53.33,46.0,53.33,74,53.33,17,53.33,11,53.33,11,53.33,11,26.67
seg,LAV410,2005-09-27,2012-12-18,7.23,54,54.86,54,54.86,51,54.86,33,54.86,33.0,54.86,23,54.86,8,54.86,66,54.86,NA,NA,143,54.86
same5len,LAV410,2005-09-27,2010-09-27,5.0,54,54,54,54,46,54,33,54,33.0,54.0,54,54.0,10,54,66,54,NA,NA,6,54
same3len,LAV410,2005-09-27,2008-09-27,3.0,54,53.33,10,53.33,NA,NA,33,53.33,33.0,53.33,28,53.33,26,53.33,28,53.33,46,53.33,6,53.33
same3len,LAV410,2008-09-27,2011-09-27,3.0,36,53.33,NA,NA,7,53.33,23,53.33,23.0,53.33,NA,NA,23,53.33,51,53.33,13,53.33,60,53.33
same3len,LAV410,2012-12-25,2015-12-25,3.0,4,53.33,34,53.33,61,53.33,47,53.33,55.0,53.33,81,53.33,63,53.33,82,53.33,20,53.33,42,53.33
seg,LRL117,2000-01-04,2007-09-25,7.72,94,50.62,39,50.62,52,50.62,NA,NA,159.0,50.62,113,50.62,27,50.62,44,50.62,NA,NA,NA,NA
seg,LRL117,2016-11-01,2024-07-09,7.69,56,50.62,4,50.62,59,50.62,4,50.62,56.0,50.62,4,25.31,135,25.31,213,50.62,135,50.62,33,50.62
seg,LRL117,2007-10-09,2013-10-29,6.06,39,53.33,104,53.33,52,53.33,NA,NA,52.0,53.33,85,26.67,65,26.67,29,53.33,65,53.33,NA,NA
same5len,LRL117,2007-10-09,2012-10-09,5.0,35,54,25,54,52,54,NA,NA,52.0,54.0,85,54.0,65,27,29,54,65,54,42,54
same5len,LRL117,2016-11-01,2021-11-01,5.0,56,54,9,27,49,54,NA,NA,101.0,54.0,30,27.0,28,54,9,54,33,54,33,54
same5len,LRL117,2000-01-04,2005-01-04,5.0,42,54,80,54,122,54,NA,NA,55.0,54.0,90,54.0,27,54,NA,NA,37,54,18,54
same3len,LRL117,2016-11-01,2019-11-01,3.0,4,53.33,9,26.67,40,53.33,NA,NA,14.0,53.33,51,26.67,66,17.78,35,53.33,7,53.33,22,53.33
same3len,LRL117,2010-10-09,2013-10-09,3.0,39,53.33,44,53.33,14,53.33,NA,NA,52.0,53.33,44,26.67,84,26.67,6,53.33,8,26.67,NA,NA
same3len,LRL117,2003-01-04,2006-01-04,3.0,50,53.33,11,53.33,21,53.33,NA,NA,21.0,53.33,66,53.33,42,53.33,18,53.33,27,53.33,NA,NA
same3len,LRL117,2019-11-01,2022-11-01,3.0,40,53.33,7,26.67,35,53.33,4,53.33,9.0,53.33,7,26.67,25,26.67,9,53.33,52,26.67,8,53.33
same3len,LRL117,2000-01-04,2003-01-04,3.0,46,53.33,15,53.33,52,53.33,NA,NA,61.0,53.33,15,53.33,8,53.33,6,53.33,37,53.33,18,53.33
same3len,LRL117,2007-10-09,2010-10-09,3.0,7,53.33,31,53.33,52,53.33,NA,NA,18.0,53.33,83,53.33,17,26.67,38,53.33,17,53.33,11,53.33
same3len,LYK123,2001-07-24,2004-07-24,3.0,4,53.33,4,53.33,4,53.33,41,53.33,67.0,53.33,46,26.67,15,53.33,30,53.33,37,53.33,44,53.33
same3len,LYK123,2005-04-05,2008-04-05,3.0,18,53.33,48,53.33,74,53.33,6,53.33,50.0,53.33,11,26.67,7,53.33,47,53.33,15,53.33,4,53.33
seg,MAC426,2003-06-10,2016-06-14,13.01,171,51.43,149,51.43,111,51.43,107,51.43,99.0,51.43,149,25.71,120,25.71,NA,NA,221,51.43,6,51.43
same5len,MAC426,2008-06-10,2013-06-10,5.0,47,54,42,54,29,54,58,54,52.0,54.0,119,27.0,76,54,9,54,39,54,33,54
same5len,MAC426,2003-06-10,2008-06-10,5.0,53,54,14,54,38,54,8,54,62.0,54.0,103,54.0,11,27,NA,NA,20,54,73,54
same3len,MAC426,2003-06-10,2006-06-10,3.0,48,53.33,21,53.33,49,53.33,43,53.33,28.0,53.33,17,53.33,6,26.67,NA,NA,20,26.67,11,53.33
same3len,MAC426,2012-06-10,2015-06-10,3.0,9,53.33,6,53.33,48,53.33,21,53.33,48.0,53.33,16,26.67,88,13.33,21,53.33,16,53.33,33,53.33
same3len,MAC426,2009-06-10,2012-06-10,3.0,47,53.33,42,53.33,59,53.33,52,53.33,52.0,53.33,14,26.67,52,53.33,7,53.33,52,53.33,45,53.33
same3len,MAC426,2019-01-15,2022-01-15,3.0,65,53.33,28,26.67,9,53.33,10,53.33,10.0,53.33,46,53.33,57,26.67,22,53.33,33,53.33,43,8.42
same3len,MAC426,2006-06-10,2009-06-10,3.0,29,53.33,17,53.33,53,53.33,8,53.33,80.0,53.33,11,53.33,24,53.33,78,53.33,8,53.33,19,53.33
seg,MCK131,2010-08-10,2019-06-04,8.82,37,53.33,209,53.33,150,53.33,7,53.33,61.0,53.33,209,25.26,73,26.67,159,53.33,51,53.33,39,53.33
seg,MCK131,2019-06-18,2024-07-09,5.06,41,54,50,54.0,9,54,4,54,83.0,54.0,50,27.0,23,27,96,54,10,54,79,54
same5len,MCK131,2010-08-10,2015-08-10,5.0,99,54,54,54,99,54,73,54,66.0,54.0,36,27.0,117,27,18,54,10,27,33,54
same5len,MCK131,2019-06-18,2024-06-18,5.0,41,54,50,54,9,54,4,54,83.0,54.0,50,27.0,23,27,96,54,10,54,43,54
same3len,MCK131,2019-06-18,2022-06-18,3.0,84,53.33,28,26.67,9,13.33,4,53.33,35.0,53.33,56,26.67,5,26.67,8,53.33,10,53.33,27,8.42
same3len,MCK131,2010-08-10,2013-08-10,3.0,19,53.33,42,53.33,55,5,73,53.33,14.0,53.33,16,26.67,30,26.67,12,53.33,61,26.67,33,53.33
same3len,MCK131,2004-09-28,2007-09-28,3.0,6,53.33,37,53.33,48,53.33,40,53.33,31.0,53.33,37,53.33,5,26.67,47,53.33,91,53.33,98,53.33
same3len,MCK131,2013-08-10,2016-08-10,3.0,18,53.33,102,53.33,48,53.33,21,53.33,18.0,53.33,33,26.67,5,26.67,18,53.33,13,53.33,26,53.33
seg,MCK231,2009-02-03,2019-10-15,10.69,11,52.36,209,52.36,48,52.36,7,52.36,18.0,52.36,209,26.18,7,26.18,NA,NA,178,52.36,39,52.36
seg,MCK231,2000-10-03,2009-01-27,8.32,9,50,46,50.0,102,26.47,118,50,87.0,50.0,50,50.0,64,26.47,167,50,103,26.47,77,50
same5len,MCK231,2009-02-03,2014-02-03,5.0,49,54,6,54,25,54,7,54,85.0,54.0,85,27.0,7,27,159,54,10,54,33,54
same5len,MCK231,2000-10-03,2005-10-03,5.0,27,54,4,54,119,27,36,54,42.0,54.0,4,54.0,37,30,6,54,103,54,77,54
same5len,MCK231,2014-02-03,2019-02-03,5.0,70,54,47,54,18,54,18,54,18.0,54.0,51,24.55,70,27,105,54,7,54,44,54
same3len,MCK231,2009-02-03,2012-02-03,3.0,19,53.33,29,53.33,5,40,46,53.33,76.0,53.33,29,26.67,52,22.86,NA,NA,55,53.33,54,53.33
same3len,MCK231,2015-02-03,2018-02-03,3.0,22,53.33,34,53.33,15,6.96,7,53.33,79.0,53.33,22,26.67,38,17.78,97,53.33,17,17.78,44,53.33
same3len,MCK231,2000-10-03,2003-10-03,3.0,4,53.33,18,53.33,11,9.41,36,53.33,42.0,53.33,23,53.33,37,26.67,8,53.33,37,26.67,16,53.33
same3len,MCK231,2012-02-03,2015-02-03,3.0,27,53.33,6,53.33,48,6.4,7,53.33,7.0,53.33,18,26.67,42,160,42,53.33,39,53.33,6,53.33
same3len,MCK231,2003-10-03,2006-10-03,3.0,9,53.33,4,53.33,10,26.67,8,53.33,24.0,53.33,4,53.33,11,26.67,71,53.33,11,53.33,73,53.33
seg,MEV405,2004-05-18,2010-11-09,6.48,11,51.43,21,51.43,17,51.43,37,51.43,105.0,51.43,21,51.43,71,51.43,45,51.43,130,51.43,130,51.43
seg,MEV405,2010-11-16,2016-04-19,5.42,101,48,28,57.6,39,26.18,100,57.6,55.0,26.18,94,57.6,25,48,103,48,103,48,32,57.6
same5len,MEV405,2010-11-16,2015-11-16,5.0,18,54,28,54,39,54,10,54,55.0,54.0,94,54.0,80,54,51,54,62,54,32,54
same5len,MEV405,2004-05-18,2009-05-18,5.0,11,54,21,54,153,54,34,54,105.0,54.0,80,54.0,31,54,5,54,5,54,102,54
same3len,MEV405,2007-05-18,2010-05-18,3.0,42,53.33,125,53.33,17,53.33,37,53.33,59.0,53.33,8,53.33,91,53.33,63,53.33,91,53.33,5,53.33
same3len,MEV405,2010-11-16,2013-11-16,3.0,51,26.67,4,53.33,106,26.67,10,53.33,106.0,26.67,19,53.33,62,53.33,28,53.33,37,53.33,15,53.33
same3len,MEV405,2019-04-09,2022-04-09,3.0,47,53.33,39,53.33,52,53.33,11,53.33,69.0,53.33,30,53.33,35,53.33,24,53.33,35,53.33,81,53.33
same3len,MEV405,2004-05-18,2007-05-18,3.0,28,53.33,21,53.33,66,53.33,37,53.33,9.0,53.33,6,53.33,14,53.33,5,53.33,5,53.33,26,53.33
seg,MKG113,2000-01-04,2021-11-30,21.91,5,52.36,107,52.36,213,52.36,156,52.36,107.0,52.36,107,26.18,218,52.36,52,52.36,NA,NA,102,52.36
same5len,MKG113,2015-01-04,2020-01-04,5.0,22,54,81,27,35,54,101,54,12.0,54.0,81,54.0,33,54,6,54,56,54,46,54
same5len,MKG113,2005-01-04,2010-01-04,5.0,109,54,66,54,28,14.21,67,54,109.0,54.0,66,27.0,17,54,47,54,94,54,102,54
same5len,MKG113,2000-01-04,2005-01-04,5.0,5,54,42,54,99,54,131,54,36.0,54.0,167,54.0,90,54,77,54,90,54,41,54
same5len,MKG113,2010-01-04,2015-01-04,5.0,44,54,133,27,44,54,8,54,44.0,54.0,25,27.0,54,27,31,54,31,27,105,54
same3len,MKG113,2015-01-04,2018-01-04,3.0,13,53.33,12,26.67,83,53.33,53,53.33,104.0,53.33,26,53.33,56,53.33,25,53.33,56,6.96,46,53.33
same3len,MKG113,2006-01-04,2009-01-04,3.0,15,53.33,15,53.33,43,160,32,53.33,34.0,53.33,75,26.67,17,53.33,58,53.33,17,53.33,13,53.33
same3len,MKG113,2009-01-04,2012-01-04,3.0,52,53.33,52,53.33,27,53.33,31,53.33,31.0,53.33,25,26.67,17,26.67,19,53.33,17,53.33,48,53.33
same3len,MKG113,2012-01-04,2015-01-04,3.0,44,53.33,19,26.67,44,53.33,8,53.33,19.0,53.33,19,26.67,32,26.67,6,53.33,49,53.33,6,53.33
same3len,MKG113,2003-01-04,2006-01-04,3.0,21,53.33,18,53.33,21,53.33,17,53.33,18.0,53.33,18,53.33,76,26.67,49,53.33,23,53.33,7,53.33
same3len,MKG113,2018-01-04,2021-01-04,3.0,5,53.33,7,26.67,59,53.33,42,53.33,7.0,53.33,51,53.33,31,53.33,12,53.33,45,53.33,33,53.33
same3len,MKG113,2000-01-04,2003-01-04,3.0,7,53.33,20,53.33,7,53.33,43,53.33,36.0,53.33,51,26.67,69,53.33,69,53.33,87,53.33,41,53.33
same3len,MOR409,2004-04-06,2007-04-06,3.0,6,53.33,6,53.33,6,53.33,27,53.33,6.0,53.33,85,53.33,6,53.33,39,53.33,27,53.33,27,53.33
same3len,MOR409,2008-11-11,2011-11-11,3.0,16,53.33,48,53.33,NA,NA,4,53.33,68.0,53.33,43,53.33,45,53.33,13,53.33,26,53.33,19,53.33
same3len,MOR409,2000-01-04,2003-01-04,3.0,40,53.33,53,53.33,NA,NA,26,53.33,55.0,53.33,40,53.33,24,53.33,40,53.33,NA,NA,42,53.33
same3len,NCS415,2000-01-04,2003-01-04,3.0,34,53.33,4,53.33,12,53.33,100,53.33,25.0,53.33,4,53.33,37,53.33,69,53.33,NA,NA,15,53.33
same3len,NIC001,2019-05-14,2022-05-14,3.0,24,53.33,29,4.32,12,53.33,39,53.33,9.0,53.33,12,53.33,61,53.33,46,53.33,48,53.33,39,53.33
same3len,NPT006,2020-08-11,2023-08-11,3.0,32,53.33,55,53.33,20,53.33,5,26.67,13.0,53.33,5,53.33,6,53.33,60,53.33,56,53.33,85,26.67
seg,OLY421,2000-01-04,2005-02-01,5.08,43,54,82,54.0,22,54,21,54,155.0,12.86,58,12.86,59,54,63,54,136,54,136,54
same5len,OLY421,2000-01-04,2005-01-04,5.0,43,54,6,54,22,54,21,54,155.0,12.86,58,12.86,59,54,63,54,70,54,136,54
same3len,OLY421,2000-01-04,2003-01-04,3.0,36,53.33,9,53.33,22,53.33,21,26.67,36.0,160,35,160,59,53.33,61,53.33,26,53.33,26,53.33
seg,OXF122,2000-01-04,2011-02-01,11.08,248,54.55,37,50.0,102,50,145,50,204.0,50.0,11,26.09,105,26.09,NA,NA,59,54.55,4,50
seg,OXF122,2011-02-08,2021-08-24,10.54,42,52.36,9,52.36,59,52.36,NA,NA,153.0,52.36,93,26.18,28,52.36,209,52.36,209,52.36,153,52.36
same5len,OXF122,2016-02-08,2021-02-08,5.0,42,54,42,4.22,110,54,NA,NA,148.0,54.0,14,54.0,28,54,52,54,28,54,43,54
same5len,OXF122,2005-01-04,2010-01-04,5.0,91,54,37,54,19,54,92,54,43.0,54.0,11,24.55,59,54,11,54,59,54,19,54
same5len,OXF122,2011-02-08,2016-02-08,5.0,91,54,51,54,109,54,104,54,97.0,54.0,113,27.0,60,54,30,54,60,54,33,54
same5len,OXF122,2000-01-04,2005-01-04,5.0,75,54,95,54,71,54,69,54,159.0,54.0,78,27.0,61,22.5,NA,NA,61,54,87,54
same3len,OXF122,2000-01-04,2003-01-04,3.0,24,53.33,35,53.33,60,53.33,69,53.33,49.0,53.33,78,26.67,45,53.33,28,53.33,61,53.33,12,53.33
same3len,OXF122,2006-01-04,2009-01-04,3.0,15,53.33,75,53.33,6,53.33,31,53.33,41.0,53.33,11,26.67,35,53.33,30,53.33,32,53.33,19,53.33
same3len,OXF122,2017-02-08,2020-02-08,3.0,42,53.33,9,4.21,54,53.33,46,53.33,5.0,53.33,25,53.33,28,53.33,52,53.33,28,53.33,8,53.33
same3len,OXF122,2011-02-08,2014-02-08,3.0,62,53.33,38,53.33,64,53.33,61,53.33,103.0,53.33,38,26.67,49,53.33,39,53.33,60,53.33,6,53.33
same3len,OXF122,2014-02-08,2017-02-08,3.0,47,53.33,72,26.67,18,53.33,54,53.33,22.0,53.33,47,53.33,15,26.67,9,53.33,34,53.33,26,53.33
same3len,OXF122,2003-01-04,2006-01-04,3.0,5,53.33,26,53.33,7,53.33,50,53.33,34.0,53.33,26,26.67,34,26.67,NA,NA,16,53.33,11,53.33
seg,PAL190,2007-04-24,2015-11-24,8.59,55,50,4,50.0,139,50,64,50,54.0,26.47,4,13.24,143,150,5,50,22,50,22,50
seg,PAL190,2016-05-17,2021-10-26,5.44,37,48,13,48.0,4,57.6,56,48,43.0,26.18,112,26.18,39,72,11,57.6,39,57.6,33,57.6
same5len,PAL190,2016-05-17,2021-05-17,5.0,37,54,13,54,4,54,56,54,43.0,27.0,112,27.0,39,67.5,11,67.5,39,54,11,54
same5len,PAL190,2007-04-24,2012-04-24,5.0,50,54,59,54,21,54,43,54,56.0,90.0,8,24.55,68,135,30,54,22,54,22,54
same3len,PAL190,2016-05-17,2019-05-17,3.0,16,53.33,13,53.33,4,53.33,33,53.33,43.0,26.67,33,6.67,39,160,24,80,14,80,14,53.33
same3len,PAL190,2007-04-24,2010-04-24,3.0,19,53.33,58,53.33,11,53.33,8,53.33,8.0,80,31,22.86,22,160,30,32,22,160,22,53.33
same3len,PAL190,2010-04-24,2013-04-24,3.0,26,53.33,8,53.33,9,53.33,16,53.33,7.0,8.42,8,7.27,66,80,31,53.33,31,53.33,93,53.33
seg,PAR107,2008-02-05,2015-10-27,7.72,56,50.62,23,50.62,10,50.62,14,50.62,52.0,50.62,81,50.62,65,50.62,33,25.31,65,50.62,17,50.62
seg,PAR107,2001-11-27,2008-01-29,6.17,17,54,35,54.0,12,54,NA,NA,15.0,54.0,90,54.0,7,54,NA,NA,7,54,87,54
same5len,PAR107,2008-02-05,2013-02-05,5.0,73,54,23,54,10,54,NA,NA,65.0,54.0,16,54.0,65,54,48,27,65,54,17,54
same5len,PAR107,2001-11-27,2006-11-27,5.0,17,54,35,54,12,54,NA,NA,15.0,54.0,90,54.0,7,54,NA,NA,7,54,7,54
same3len,PAR107,2015-11-03,2018-11-03,3.0,NA,NA,47,53.33,98,53.33,21,53.33,51.0,53.33,9,26.67,41,53.33,34,26.67,59,53.33,91,53.33
same3len,PAR107,2020-11-24,2023-11-24,3.0,28,53.33,68,53.33,50,53.33,52,53.33,21.0,53.33,19,26.67,8,53.33,24,53.33,52,53.33,71,53.33
same3len,PAR107,2008-02-05,2011-02-05,3.0,17,53.33,23,53.33,10,53.33,14,53.33,25.0,53.33,52,53.33,31,53.33,48,26.67,31,53.33,19,53.33
same3len,PAR107,2011-02-05,2014-02-05,3.0,49,53.33,15,53.33,10,53.33,NA,NA,14.0,53.33,23,53.33,33,53.33,33,26.67,33,53.33,39,53.33
same3len,PAR107,2004-11-27,2007-11-27,3.0,15,53.33,94,53.33,12,53.33,NA,NA,12.0,53.33,7,53.33,47,53.33,47,26.67,75,53.33,26,53.33
same3len,PAR107,2001-11-27,2004-11-27,3.0,13,53.33,35,53.33,42,80,11,53.33,13.0,53.33,90,53.33,57,53.33,NA,NA,7,53.33,7,53.33
seg,PED108,2004-07-13,2014-03-11,9.66,122,51.2,54,51.2,132,51.2,NA,NA,51.0,51.2,221,51.2,90,51.2,17,51.2,213,51.2,213,26.95
same5len,PED108,2004-07-13,2009-07-13,5.0,88,54,70,54,110,54,NA,NA,39.0,54.0,70,54.0,72,54,63,54,60,54,54,27
same3len,PED108,2007-07-13,2010-07-13,3.0,29,53.33,31,53.33,96,53.33,NA,NA,15.0,53.33,5,53.33,13,53.33,17,53.33,18,26.67,18,26.67
same3len,PED108,2010-07-13,2013-07-13,3.0,21,53.33,79,53.33,47,40,9,53.33,51.0,53.33,79,26.67,16,26.67,14,53.33,21,26.67,9,53.33
same3len,PED108,2014-03-18,2017-03-18,3.0,29,53.33,44,53.33,76,53.33,10,53.33,44.0,53.33,29,26.67,11,26.67,33,53.33,11,26.67,7,26.67
same3len,PED108,2020-01-07,2023-01-07,3.0,7,53.33,38,53.33,15,53.33,39,53.33,58.0,53.33,33,26.67,73,26.67,11,53.33,11,26.67,32,7.62
same3len,PED108,2004-07-13,2007-07-13,3.0,53,53.33,54,53.33,20,53.33,NA,NA,20.0,53.33,70,53.33,97,53.33,17,53.33,23,53.33,54,20
seg,PET427,2002-09-24,2015-03-24,12.5,66,25.96,54,51.92,47,51.92,93,51.92,47.0,51.92,54,51.92,162,51.92,238,51.92,37,51.92,122,51.92
same5len,PET427,2002-09-24,2007-09-24,5.0,32,54,54,54,20,54,5,54,20.0,27.0,47,54.0,21,54,77,54,18,54,54,54
same5len,PET427,2007-09-24,2012-09-24,5.0,4,54,175,54,4,54,4,54,4.0,54.0,41,54.0,26,27,76,54,76,54,20,54
same3len,PET427,2002-09-24,2005-09-24,3.0,24,26.67,21,53.33,54,53.33,5,53.33,59.0,53.33,27,53.33,21,53.33,39,53.33,82,53.33,16,53.33
same3len,PET427,2011-09-24,2014-09-24,3.0,39,26.67,54,53.33,8,26.67,43,53.33,4.0,26.67,54,53.33,4,53.33,98,53.33,8,53.33,18,53.33
same3len,PET427,2008-09-24,2011-09-24,3.0,45,53.33,7,53.33,4,53.33,4,53.33,66.0,8,68,53.33,11,26.67,4,53.33,6,53.33,53,53.33
same3len,PET427,2005-09-24,2008-09-24,3.0,68,26.67,5,53.33,7,53.33,37,53.33,47.0,53.33,5,53.33,30,53.33,37,53.33,68,53.33,29,53.33
same3len,PET427,2019-01-22,2022-01-22,3.0,20,160,6,53.33,52,53.33,43,53.33,46.0,53.33,6,53.33,11,53.33,59,53.33,11,53.33,81,53.33
seg,PIN414,2000-01-04,2006-01-03,6.0,49,53.33,15,53.33,88,53.33,37,53.33,37.0,53.33,27,53.33,46,53.33,106,53.33,32,53.33,32,53.33
same5len,PIN414,2000-01-04,2005-01-04,5.0,49,54,15,54,54,54,37,54,35.0,54.0,45,54.0,99,54,106,54,32,54,32,54
same3len,PIN414,2006-02-07,2009-02-07,3.0,4,53.33,23,53.33,45,53.33,38,53.33,19.0,53.33,15,53.33,59,53.33,38,53.33,5,53.33,5,53.33
same3len,PIN414,2010-02-02,2013-02-02,3.0,33,53.33,6,53.33,51,53.33,20,53.33,39.0,53.33,42,53.33,5,53.33,55,53.33,6,53.33,53,53.33
same3len,PIN414,2014-12-30,2017-12-30,3.0,15,53.33,26,53.33,54,53.33,48,53.33,45.0,53.33,93,53.33,33,53.33,7,53.33,26,53.33,26,53.33
same3len,PIN414,2000-01-04,2003-01-04,3.0,54,53.33,15,53.33,33,53.33,67,53.33,35.0,53.33,45,53.33,46,53.33,9,53.33,75,53.33,32,53.33
seg,PND165,2012-07-24,2024-07-09,11.96,230,52.08,4,52.08,76,52.08,179,52.08,175.0,52.08,9,52.08,47,52.08,NA,NA,NA,NA,112,52.08
same5len,PND165,2012-07-24,2017-07-24,5.0,94,38.57,4,54,49,54,25,54,105.0,54.0,56,54.0,114,54,NA,NA,NA,NA,18,54
same5len,PND165,2017-07-24,2022-07-24,5.0,73,54,19,54,46,54,134,54,7.0,54.0,9,54.0,24,54,99,54,NA,NA,11,54
same3len,PND165,2015-07-24,2018-07-24,3.0,72,80,20,53.33,37,53.33,53,53.33,47.0,53.33,23,53.33,47,53.33,56,53.33,67,53.33,101,16
same3len,PND165,2005-04-12,2008-04-12,3.0,45,53.33,45,53.33,45,53.33,45,53.33,45.0,53.33,45,53.33,40,53.33,30,53.33,NA,NA,17,53.33
same3len,PND165,2000-07-18,2003-07-18,3.0,60,17.78,57,53.33,17,53.33,27,26.67,17.0,53.33,81,53.33,59,53.33,63,53.33,NA,NA,13,53.33
same3len,PND165,2018-07-24,2021-07-24,3.0,48,26.67,19,53.33,46,53.33,4,26.67,4.0,53.33,9,53.33,47,53.33,4,53.33,NA,NA,4,26.67
same3len,PND165,2012-07-24,2015-07-24,3.0,26,40,30,53.33,66,53.33,61,53.33,98.0,53.33,56,53.33,NA,NA,35,53.33,NA,NA,24,22.86
seg,PNF126,2000-01-04,2018-01-09,18.02,206,53.33,61,53.33,242,53.33,NA,NA,75.0,53.33,167,53.33,104,25.95,68,53.33,NA,NA,17,53.33
same5len,PNF126,2005-01-04,2010-01-04,5.0,8,54,4,54,114,54,NA,NA,4.0,54.0,4,54.0,44,54,96,54,44,54,98,90
same5len,PNF126,2010-01-04,2015-01-04,5.0,47,54,29,54,61,54,63,54,51.0,54.0,5,54.0,51,27,24,54,53,54,33,54
same5len,PNF126,2000-01-04,2005-01-04,5.0,48,54,24,54,26,54,NA,NA,15.0,54.0,4,54.0,37,12.86,17,54,26,54,31,135
same3len,PNF126,2009-01-04,2012-01-04,3.0,9,53.33,29,53.33,10,53.33,21,53.33,32.0,53.33,87,53.33,33,53.33,55,53.33,33,53.33,17,53.33
same3len,PNF126,2012-01-04,2015-01-04,3.0,20,53.33,24,53.33,25,53.33,29,53.33,31.0,53.33,5,53.33,29,26.67,24,53.33,18,53.33,33,53.33
same3len,PNF126,2003-01-04,2006-01-04,3.0,80,53.33,24,53.33,43,53.33,NA,NA,4.0,53.33,4,53.33,104,26.67,111,53.33,29,53.33,22,11.43
same3len,PNF126,2006-01-04,2009-01-04,3.0,13,53.33,41,53.33,38,53.33,NA,NA,42.0,53.33,4,53.33,13,53.33,78,53.33,44,53.33,6,53.33
same3len,PNF126,2015-01-04,2018-01-04,3.0,59,53.33,79,53.33,18,53.33,102,53.33,51.0,53.33,24,53.33,11,53.33,50,53.33,89,53.33,89,7.27
same3len,PNF126,2019-04-30,2022-04-30,3.0,NA,NA,63,53.33,15,53.33,38,53.33,15.0,53.33,13,53.33,10,26.67,41,53.33,5,53.33,101,8.42
same3len,PNF126,2000-01-04,2003-01-04,3.0,7,53.33,11,53.33,26,53.33,NA,NA,15.0,53.33,11,53.33,37,26.67,11,53.33,26,53.33,56,14.55
seg,PRK134,2012-12-04,2024-07-09,11.59,50,52.08,153,52.08,52,52.08,6,52.08,52.0,52.08,58,52.08,152,52.08,52,52.08,15,52.08,NA,NA
seg,PRK134,2000-01-04,2007-03-27,7.23,16,54.86,68,4.17,75,54.86,34,54.86,71.0,54.86,71,54.86,73,54.86,167,54.86,118,54.86,NA,NA
same5len,PRK134,2000-01-04,2005-01-04,5.0,16,54,68,4.15,98,54,18,54,71.0,54.0,95,54.0,18,54,NA,NA,27,54,48,54
same5len,PRK134,2017-12-04,2022-12-04,5.0,65,54,6,54,52,54,37,54,52.0,54.0,49,54.0,37,54,52,54,52,54,20,54
same5len,PRK134,2012-12-04,2017-12-04,5.0,5,54,27,8.18,45,54,51,54,10.0,54.0,58,54.0,74,54,101,27,74,54,37,54
same3len,PRK134,2018-12-04,2021-12-04,3.0,9,53.33,9,53.33,28,53.33,12,53.33,15.0,53.33,49,53.33,37,53.33,28,53.33,52,53.33,20,53.33
same3len,PRK134,2015-12-04,2018-12-04,3.0,50,53.33,14,53.33,39,53.33,6,53.33,6.0,53.33,6,53.33,5,53.33,26,26.67,5,53.33,47,53.33
same3len,PRK134,2012-12-04,2015-12-04,3.0,45,53.33,27,6.4,45,53.33,19,53.33,10.0,53.33,5,53.33,74,53.33,NA,NA,74,53.33,7,53.33
same3len,PRK134,2000-01-04,2003-01-04,3.0,33,53.33,29,53.33,31,53.33,42,53.33,27.0,53.33,27,53.33,21,53.33,7,53.33,42,53.33,22,53.33
same3len,PRK134,2003-01-04,2006-01-04,3.0,16,53.33,68,13.33,30,53.33,25,53.33,16.0,53.33,8,53.33,27,53.33,16,53.33,73,53.33,16,53.33
same3len,PRK134,2007-10-09,2010-10-09,3.0,42,53.33,11,6.4,21,53.33,96,53.33,98.0,53.33,19,53.33,13,16,6,26.67,17,4.21,4,53.33
seg,PSU106,2000-01-04,2022-05-10,22.35,107,52.17,114,52.17,179,52.17,255,52.17,164.0,52.17,125,26.09,11,26.09,NA,NA,NA,NA,NA,NA
same5len,PSU106,2010-01-04,2015-01-04,5.0,25,54,133,27,22,54,40,54,27.0,54.0,25,27.0,40,54,47,54,40,54,6,54
same5len,PSU106,2005-01-04,2010-01-04,5.0,114,54,6,54,46,54,59,54,91.0,54.0,32,27.0,17,54,60,54,17,54,54,54
same5len,PSU106,2000-01-04,2005-01-04,5.0,47,54,15,54,78,54,62,54,167.0,54.0,110,54.0,42,14.21,NA,NA,NA,NA,112,54
same5len,PSU106,2015-01-04,2020-01-04,5.0,38,54,12,27,41,54,61,54,35.0,54.0,12,54.0,85,54,25,27,56,54,81,54
same3len,PSU106,2006-01-04,2009-01-04,3.0,11,53.33,32,53.33,46,53.33,73,53.33,21.0,53.33,16,26.67,17,53.33,26,53.33,20,53.33,46,53.33
same3len,PSU106,2009-01-04,2012-01-04,3.0,56,53.33,25,53.33,50,53.33,31,53.33,25.0,53.33,25,26.67,31,5.93,26,53.33,31,53.33,48,53.33
same3len,PSU106,2018-01-04,2021-01-04,3.0,46,53.33,NA,NA,13,53.33,75,53.33,9.0,53.33,51,53.33,97,53.33,46,53.33,16,53.33,33,53.33
same3len,PSU106,2000-01-04,2003-01-04,3.0,36,53.33,35,53.33,11,53.33,9,53.33,11.0,53.33,20,53.33,33,53.33,20,53.33,108,53.33,8,53.33
same3len,PSU106,2012-01-04,2015-01-04,3.0,6,53.33,71,26.67,51,53.33,48,53.33,27.0,53.33,5,26.67,40,26.67,27,26.67,40,53.33,31,53.33
same3len,PSU106,2015-01-04,2018-01-04,3.0,43,53.33,12,26.67,27,53.33,7,53.33,35.0,53.33,12,26.67,15,26.67,50,53.33,15,53.33,18,53.33
same3len,PSU106,2003-01-04,2006-01-04,3.0,47,53.33,18,53.33,21,53.33,17,53.33,34.0,53.33,48,53.33,7,53.33,NA,NA,NA,NA,67,53.33
seg,QAK172,2000-01-04,2012-06-26,12.48,173,51.92,72,51.92,21,51.92,159,51.92,218.0,51.92,32,51.92,42,51.92,NA,NA,42,51.92,25,51.92
seg,QAK172,2012-07-10,2021-06-29,8.97,23,53.33,9,53.33,67,53.33,209,53.33,149.0,53.33,105,25.26,196,53.33,116,53.33,52,53.33,22,53.33
same5len,QAK172,2012-07-10,2017-07-10,5.0,101,54,24,54,129,54,68,54,52.0,54.0,24,27.0,59,54,47,54,59,54,78,54
same5len,QAK172,2005-01-04,2010-01-04,5.0,84,54,NA,NA,47,54,25,54,35.0,54.0,14,54.0,49,54,NA,NA,59,54,19,54
same5len,QAK172,2000-01-04,2005-01-04,5.0,67,54,99,54,24,45,98,54,24.0,54.0,17,54.0,42,54,67,54,42,54,25,54
same3len,QAK172,2009-01-04,2012-01-04,3.0,45,53.33,25,53.33,55,53.33,91,53.33,52.0,53.33,85,26.67,5,53.33,19,53.33,29,53.33,42,53.33
same3len,QAK172,2003-01-04,2006-01-04,3.0,65,53.33,7,53.33,21,17.78,15,53.33,44.0,53.33,14,53.33,7,53.33,60,53.33,42,53.33,40,53.33
same3len,QAK172,2012-07-10,2015-07-10,3.0,23,53.33,24,53.33,23,53.33,11,53.33,5.0,53.33,58,26.67,11,26.67,57,53.33,43,53.33,6,53.33
same3len,QAK172,2015-07-10,2018-07-10,3.0,8,53.33,34,53.33,8,53.33,51,53.33,10.0,53.33,51,26.67,56,53.33,5,53.33,56,53.33,4,53.33
same3len,QAK172,2006-01-04,2009-01-04,3.0,15,53.33,75,53.33,47,32,27,53.33,56.0,53.33,75,53.33,13,53.33,52,53.33,59,53.33,19,53.33
same3len,QAK172,2000-01-04,2003-01-04,3.0,48,53.33,NA,NA,66,14.55,43,53.33,14.0,53.33,17,53.33,75,53.33,30,53.33,NA,NA,25,53.33
seg,RED004,2014-09-23,2022-02-01,7.36,46,50,123,50.0,105,50,11,50,11.0,50.0,6,50.0,220,50,52,50,113,50,NA,NA
same5len,RED004,2014-09-23,2019-09-23,5.0,33,54,34,54,105,54,43,54,140.0,54.0,140,54.0,79,54,6,54,76,54,85,54
same3len,RED004,2022-02-08,2025-02-08,3.0,36,53.33,43,80,47,53.33,18,53.33,43.0,53.33,12,53.33,34,53.33,43,53.33,34,53.33,56,53.33
same3len,RED004,2017-09-23,2020-09-23,3.0,11,53.33,28,53.33,82,53.33,NA,NA,62.0,53.33,NA,NA,32,53.33,47,53.33,32,53.33,5,53.33
same3len,RED004,2014-09-23,2017-09-23,3.0,13,53.33,9,53.33,6,53.33,41,53.33,41.0,53.33,11,53.33,5,53.33,32,53.33,82,53.33,16,53.33
seg,ROM206,2006-12-26,2024-05-07,17.36,94,53.33,11,53.33,102,53.33,53,53.33,98.0,53.33,48,53.33,4,53.33,NA,NA,NA,NA,NA,NA
same5len,ROM206,2011-12-26,2016-12-26,5.0,96,54,86,54,21,54,16,54,55.0,54.0,94,54.0,108,54,14,54,NA,NA,140,54
same5len,ROM206,2006-12-26,2011-12-26,5.0,43,54,11,54,17,54,56,54,56.0,54.0,45,54.0,45,54,45,54,NA,NA,28,54
same5len,ROM206,2016-12-26,2021-12-26,5.0,7,54,90,54,50,54,9,54,21.0,54.0,9,54.0,4,54,4,54,NA,NA,4,54
same3len,ROM206,2018-12-26,2021-12-26,3.0,40,53.33,9,53.33,42,53.33,9,53.33,9.0,53.33,9,53.33,33,53.33,49,53.33,33,53.33,73,53.33
same3len,ROM206,2006-12-26,2009-12-26,3.0,33,53.33,37,53.33,17,53.33,53,53.33,31.0,53.33,45,53.33,27,53.33,9,53.33,NA,NA,28,53.33
same3len,ROM206,2012-12-26,2015-12-26,3.0,90,40,88,53.33,55,53.33,88,53.33,88.0,53.33,94,53.33,8,53.33,8,53.33,24,53.33,42,53.33
same3len,ROM206,2002-01-01,2005-01-01,3.0,9,53.33,15,53.33,83,53.33,49,53.33,49.0,53.33,49,53.33,19,53.33,47,53.33,NA,NA,66,53.33
same3len,ROM206,2009-12-26,2012-12-26,3.0,14,53.33,11,53.33,10,53.33,35,53.33,11.0,53.33,5,53.33,7,53.33,4,53.33,7,53.33,11,53.33
same3len,ROM206,2015-12-26,2018-12-26,3.0,19,80,4,53.33,29,53.33,16,53.33,50.0,53.33,23,53.33,4,53.33,50,53.33,60,53.33,4,53.33
seg,ROM406,2000-01-04,2015-04-07,15.26,32,53.33,207,53.33,17,53.33,209,53.33,49.0,53.33,11,53.33,10,53.33,NA,NA,NA,NA,NA,NA
same5len,ROM406,2000-01-04,2005-01-04,5.0,32,54,20,54,49,54,125,54,49.0,54.0,49,54.0,10,54,79,54,NA,NA,117,54
same5len,ROM406,2005-01-04,2010-01-04,5.0,83,54,45,54,17,54,28,54,31.0,54.0,29,54.0,45,54,53,54,NA,NA,45,54
same5len,ROM406,2010-01-04,2015-01-04,5.0,21,54,11,54,10,54,96,54,11.0,54.0,90,54.0,7,54,45,54,NA,NA,65,54
same3len,ROM406,2006-01-04,2009-01-04,3.0,43,53.33,45,53.33,19,53.33,43,53.33,31.0,53.33,29,53.33,18,53.33,9,53.33,18,53.33,28,53.33
same3len,ROM406,2009-01-04,2012-01-04,3.0,56,53.33,11,53.33,17,53.33,17,53.33,11.0,53.33,11,53.33,28,53.33,28,53.33,NA,NA,28,53.33
same3len,ROM406,2012-01-04,2015-01-04,3.0,6,32,58,53.33,6,53.33,8,53.33,8.0,53.33,49,53.33,83,53.33,6,53.33,NA,NA,70,53.33
same3len,ROM406,2000-01-04,2003-01-04,3.0,32,32,64,53.33,49,53.33,64,53.33,17.0,53.33,44,53.33,60,53.33,62,53.33,NA,NA,8,53.33
same3len,ROM406,2003-01-04,2006-01-04,3.0,30,53.33,20,53.33,38,53.33,8,53.33,38.0,53.33,11,53.33,10,53.33,10,53.33,NA,NA,30,53.33
seg,SAL133,2009-05-12,2015-07-07,6.15,5,54,30,54.0,29,54,NA,NA,39.0,54.0,16,54.0,34,54,9,54,78,54,105,54
seg,SAL133,2018-06-12,2024-07-09,6.08,173,53.33,12,26.67,39,53.33,56,53.33,26.0,53.33,26,53.33,56,53.33,52,53.33,52,53.33,22,53.33
same5len,SAL133,2009-05-12,2014-05-12,5.0,5,54,30,54,29,54,NA,NA,199.0,54.0,30,54.0,89,54,52,54,74,54,105,54
same5len,SAL133,2018-06-12,2023-06-12,5.0,41,54,9,27,69,54,153,54,55.0,54.0,26,54.0,52,54,52,54,52,54,40,54
same3len,SAL133,2000-01-04,2003-01-04,3.0,14,53.33,51,53.33,18,53.33,8,53.33,21.0,53.33,51,80,57,53.33,9,53.33,19,53.33,4,53.33
same3len,SAL133,2012-05-12,2015-05-12,3.0,16,53.33,42,26.67,33,53.33,NA,NA,54.0,53.33,28,53.33,32,53.33,12,53.33,32,53.33,49,53.33
same3len,SAL133,2018-06-12,2021-06-12,3.0,53,53.33,9,26.67,48,53.33,NA,NA,9.0,53.33,26,53.33,71,53.33,52,53.33,84,53.33,6,53.33
same3len,SAL133,2021-06-12,2024-06-12,3.0,5,40,68,26.67,7,53.33,56,53.33,12.0,53.33,68,53.33,27,26.67,31,53.33,47,53.33,15,53.33
same3len,SAL133,2009-05-12,2012-05-12,3.0,7,53.33,30,53.33,26,53.33,5,53.33,30.0,53.33,62,26.67,31,26.67,52,53.33,22,53.33,87,53.33
seg,SAN189,2007-03-06,2014-01-28,6.9,16,53.57,37,53.57,NA,NA,6,53.57,14.0,53.57,206,53.57,175,53.57,46,53.57,27,53.57,114,53.57
same5len,SAN189,2007-03-06,2012-03-06,5.0,16,54,5,67.5,54,54,6,54,105.0,54.0,5,54.0,20,54,46,54,27,54,62,54
same3len,SAN189,2014-02-11,2017-02-11,3.0,4,22.86,29,9.41,59,53.33,8,53.33,37.0,53.33,11,53.33,8,53.33,15,53.33,4,53.33,7,53.33
same3len,SAN189,2018-03-13,2021-03-13,3.0,33,53.33,83,26.67,71,53.33,64,53.33,54.0,53.33,14,53.33,52,53.33,28,53.33,52,53.33,52,26.67
same3len,SAN189,2010-03-06,2013-03-06,3.0,16,80,32,53.33,5,53.33,6,53.33,82.0,53.33,73,53.33,60,53.33,54,53.33,58,53.33,NA,NA
same3len,SAN189,2007-03-06,2010-03-06,3.0,42,53.33,5,26.67,21,53.33,105,53.33,14.0,53.33,5,53.33,10,53.33,46,53.33,40,53.33,24,53.33
seg,SEK430,2008-08-26,2018-12-18,10.31,101,54,196,54.0,33,54,56,60,160.0,54.0,160,60.0,150,54,100,54,50,54,22,54
same5len,SEK430,2013-08-26,2018-08-26,5.0,8,54,8,54,33,54,160,67.5,8.0,54.0,160,54.0,48,54,50,54,50,54,48,54
same5len,SEK430,2008-08-26,2013-08-26,5.0,NA,NA,53,54,8,54,56,22.5,56.0,54.0,56,54.0,59,54,6,54,67,54,55,54
same3len,SEK430,2011-08-26,2014-08-26,3.0,NA,NA,14,53.33,53,53.33,42,53.33,98.0,32,42,32,14,53.33,57,53.33,11,53.33,11,53.33
same3len,SEK430,2008-08-26,2011-08-26,3.0,NA,NA,61,53.33,15,53.33,56,26.67,56.0,53.33,56,53.33,NA,NA,6,53.33,4,53.33,70,53.33
same3len,SEK430,2014-08-26,2017-08-26,3.0,6,53.33,110,53.33,NA,NA,12,53.33,108.0,53.33,9,53.33,50,53.33,38,53.33,50,53.33,10,53.33
same3len,SEK430,2005-04-05,2008-04-05,3.0,11,53.33,27,53.33,45,53.33,57,53.33,16.0,53.33,52,26.67,33,53.33,27,53.33,6,53.33,53,53.33
same3len,SHE604,2015-05-12,2018-05-12,3.0,5,26.67,61,32,122,53.33,8,53.33,51.0,26.67,34,26.67,49,53.33,8,53.33,49,53.33,20,53.33
same3len,SHE604,2019-01-22,2022-01-22,3.0,26,53.33,4,26.67,90,53.33,16,53.33,38.0,26.67,38,26.67,4,53.33,28,53.33,4,53.33,9,26.67
seg,SHN418,2014-12-02,2023-05-16,8.45,15,50,48,50.0,69,50,74,50,107.0,50.0,144,26.47,48,50,7,50,48,50,27,26.47
seg,SHN418,2005-06-07,2012-06-26,7.05,57,53.57,16,53.57,23,187.5,11,53.57,91.0,53.57,16,53.57,5,53.57,14,53.57,14,53.57,46,7.65
same5len,SHN418,2005-06-07,2010-06-07,5.0,66,54,16,54,23,135,113,54,52.0,54.0,16,54.0,72,54,19,54,44,54,46,27
same5len,SHN418,2014-12-02,2019-12-02,5.0,48,54,9,54,69,54,74,54,107.0,54.0,107,27.0,8,54,54,54,48,54,153,54
same3len,SHN418,2008-06-07,2011-06-07,3.0,9,53.33,16,53.33,4,160,11,53.33,20.0,160,16,53.33,5,53.33,40,53.33,50,53.33,8,53.33
same3len,SHN418,2001-01-16,2004-01-16,3.0,9,53.33,4,53.33,26,10.67,30,53.33,67.0,14.55,4,53.33,20,53.33,9,53.33,15,53.33,15,8.42
same3len,SHN418,2017-12-02,2020-12-02,3.0,15,53.33,39,53.33,21,53.33,74,53.33,29.0,53.33,39,26.67,19,53.33,54,53.33,19,53.33,36,12.31
same3len,SHN418,2005-06-07,2008-06-07,3.0,66,53.33,4,53.33,5,17.78,28,53.33,5.0,53.33,4,53.33,34,53.33,8,NA,48,53.33,48,26.67
same3len,SHN418,2014-12-02,2017-12-02,3.0,48,53.33,9,53.33,26,53.33,74,53.33,44.0,13.33,6,26.67,13,53.33,54,53.33,54,53.33,65,26.67
seg,SND152,2014-02-04,2024-07-09,10.43,106,52.36,81,52.36,93,52.36,97,52.36,61.0,52.36,103,52.36,81,26.18,149,52.36,61,52.36,7,52.36
seg,SND152,2004-07-06,2011-04-26,6.8,110,51.43,126,51.43,60,51.43,42,51.43,67.0,51.43,67,25.71,152,51.43,139,51.43,6,51.43,6,17.14
same5len,SND152,2004-07-06,2009-07-06,5.0,86,54,126,54,60,54,42,54,67.0,54.0,67,54.0,31,54,17,54,112,54,6,15.88
same5len,SND152,2019-02-04,2024-02-04,5.0,90,54,38,54,27,54,50,54,50.0,54.0,50,54.0,10,27,90,54,61,54,43,45
same5len,SND152,2014-02-04,2019-02-04,5.0,56,54,18,54,93,54,5,54,18.0,54.0,40,54.0,81,54,31,54,75,54,68,6.28
same3len,SND152,2014-02-04,2017-02-04,3.0,10,53.33,27,53.33,50,53.33,39,53.33,68.0,53.33,27,53.33,13,53.33,46,53.33,11,53.33,7,53.33
same3len,SND152,2017-02-04,2020-02-04,3.0,8,53.33,69,53.33,79,53.33,23,53.33,11.0,53.33,69,53.33,10,53.33,40,53.33,27,53.33,39,53.33
same3len,SND152,2020-02-04,2023-02-04,3.0,85,53.33,38,53.33,48,53.33,47,53.33,48.0,53.33,92,53.33,10,26.67,66,53.33,10,53.33,69,8.42
same3len,SND152,2007-07-06,2010-07-06,3.0,9,53.33,29,53.33,20,53.33,10,53.33,29.0,53.33,21,26.67,15,53.33,15,53.33,33,53.33,4,80
same3len,SND152,2004-07-06,2007-07-06,3.0,81,53.33,34,53.33,60,53.33,NA,NA,17.0,53.33,34,53.33,17,53.33,10,53.33,34,53.33,6,5.52
seg,SPD111,2006-01-03,2016-09-20,10.71,17,52.36,6,52.36,75,52.36,5,52.36,47.0,52.36,102,26.18,5,26.18,55,52.36,5,52.36,153,52.36
same5len,SPD111,2006-01-03,2011-01-03,5.0,22,54,106,54,56,54,52,54,142.0,54.0,4,54.0,76,54,55,54,147,54,19,54
same5len,SPD111,2011-01-03,2016-01-03,5.0,105,54,6,54,89,54,5,54,55.0,54.0,55,27.0,5,27,53,54,24,54,33,54
same3len,SPD111,2012-01-03,2015-01-03,3.0,6,53.33,24,53.33,21,53.33,46,53.33,55.0,53.33,31,26.67,4,26.67,42,53.33,24,53.33,33,53.33
same3len,SPD111,2009-01-03,2012-01-03,3.0,6,53.33,4,53.33,42,53.33,53,53.33,6.0,53.33,38,26.67,48,22.86,7,53.33,62,53.33,17,53.33
same3len,SPD111,2020-03-24,2023-03-24,3.0,41,53.33,35,26.67,15,53.33,21,53.33,31.0,53.33,16,26.67,5,26.67,52,53.33,35,26.67,27,53.33
same3len,SPD111,2006-01-03,2009-01-03,3.0,22,53.33,28,53.33,22,53.33,50,53.33,9.0,53.33,13,53.33,13,53.33,26,53.33,13,53.33,19,53.33
same3len,SPD111,2000-01-04,2003-01-04,3.0,42,53.33,4,53.33,28,53.33,39,53.33,24.0,53.33,9,53.33,24,32,52,53.33,24,53.33,56,53.33
same3len,SPD111,2016-09-27,2019-09-27,3.0,38,53.33,8,53.33,4,80,5,53.33,21.0,53.33,51,26.67,19,26.67,58,53.33,17,26.67,11,53.33
seg,STK138,2009-03-31,2015-10-06,6.52,58,51.43,26,25.71,155,51.43,187,51.43,29.0,51.43,26,51.43,13,51.43,45,51.43,15,51.43,15,51.43
seg,STK138,2018-05-29,2024-07-09,6.11,65,53.33,12,26.67,48,53.33,43,53.33,4.0,53.33,4,53.33,25,53.33,52,53.33,48,53.33,47,53.33
same5len,STK138,2018-05-29,2023-05-29,5.0,43,54,6,27,48,54,6,54,6.0,54.0,49,54.0,25,54,52,54,25,54,28,54
same5len,STK138,2009-03-31,2014-03-31,5.0,5,54,26,24.55,155,54,4,54,26.0,54.0,26,54.0,13,54,45,54,82,54,81,54
same3len,STK138,2021-05-29,2024-05-29,3.0,5,22.86,34,17.78,55,53.33,17,53.33,17.0,53.33,34,53.33,56,53.33,52,53.33,15,53.33,26,53.33
same3len,STK138,2012-03-31,2015-03-31,3.0,45,53.33,40,5.71,56,53.33,NA,NA,7.0,53.33,7,53.33,15,53.33,45,53.33,64,53.33,15,53.33
same3len,STK138,2002-09-24,2005-09-24,3.0,16,53.33,11,53.33,108,53.33,11,53.33,11.0,53.33,11,53.33,27,40,94,53.33,30,53.33,62,53.33
same3len,STK138,2009-03-31,2012-03-31,3.0,61,53.33,26,26.67,9,53.33,11,53.33,26.0,53.33,14,53.33,36,53.33,26,53.33,36,53.33,15,53.33
same3len,STK138,2018-05-29,2021-05-29,3.0,6,53.33,6,26.67,48,53.33,6,53.33,6.0,53.33,104,53.33,112,53.33,28,53.33,112,53.33,28,53.33
seg,SUM156,2010-07-06,2016-04-12,5.77,25,53.33,47,53.33,21,53.33,27,53.33,47.0,53.33,37,160.0,45,26.67,88,40,55,53.33,55,53.33
same5len,SUM156,2010-07-06,2015-07-06,5.0,74,54,49,54,65,54,27,54,47.0,54.0,37,18.0,12,27,60,33.75,55,54,27,54
same3len,SUM156,2018-12-25,2021-12-25,3.0,45,53.33,38,53.33,41,26.67,7,53.33,13.0,53.33,20,12.31,63,53.33,22,53.33,22,53.33,22,53.33
same3len,SUM156,2010-07-06,2013-07-06,3.0,9,53.33,9,53.33,35,5,27,53.33,47.0,53.33,59,17.78,12,26.67,44,40,27,53.33,27,53.33
same3len,SUM156,2004-02-10,2007-02-10,3.0,32,53.33,42,53.33,74,26.67,NA,NA,18.0,53.33,28,26.67,13,26.67,31,6.96,55,53.33,50,53.33
same3len,THR422,2001-07-03,2004-07-03,3.0,32,53.33,17,53.33,5,53.33,64,53.33,25.0,12.31,53,53.33,9,53.33,24,53.33,7,53.33,29,9.41
same3len,THR422,2010-01-26,2013-01-26,3.0,11,53.33,6,80,95,53.33,76,53.33,11.0,53.33,36,80,28,53.33,52,53.33,NA,NA,15,53.33
seg,UMA009,2020-11-03,2026-01-27,5.23,39,48,99,57.6,63,48,42,26.18,42.0,48.0,46,48.0,6,57.6,52,57.6,NA,NA,112,26.18
same5len,UMA009,2020-11-03,2025-11-03,5.0,39,54,99,54,63,54,13,27,46.0,54.0,46,54.0,6,54,52,54,NA,NA,18,27
same3len,UMA009,2020-11-03,2023-11-03,3.0,39,53.33,46,53.33,25,53.33,13,26.67,46.0,53.33,46,53.33,46,53.33,28,53.33,6,53.33,21,26.67
seg,UVL124,2007-03-27,2018-09-11,11.46,8,54.55,51,26.09,110,54.55,48,50,129.0,54.55,51,50.0,22,26.09,66,50,104,54.55,207,50
seg,UVL124,2000-01-04,2007-02-06,7.09,11,53.57,11,53.57,68,53.57,92,53.57,11.0,53.57,11,23.44,5,53.57,11,53.57,118,53.57,32,53.57
same5len,UVL124,2007-03-27,2012-03-27,5.0,11,54,66,30,66,54,NA,NA,66.0,54.0,11,54.0,17,54,28,54,34,54,34,54
same5len,UVL124,2000-01-04,2005-01-04,5.0,11,54,68,54,68,54,5,54,95.0,54.0,68,12.27,57,54,29,54,57,54,32,54
same5len,UVL124,2012-03-27,2017-03-27,5.0,8,54,51,27,104,54,149,54,152.0,54.0,51,54.0,38,54,83,54,38,54,49,54
same3len,UVL124,2000-01-04,2003-01-04,3.0,11,53.33,12,53.33,66,53.33,5,53.33,29.0,53.33,12,10.67,104,53.33,29,53.33,104,53.33,32,53.33
same3len,UVL124,2018-09-25,2021-09-25,3.0,9,53.33,9,10,11,53.33,9,53.33,9.0,53.33,9,53.33,34,53.33,9,53.33,71,53.33,57,53.33
same3len,UVL124,2003-01-04,2006-01-04,3.0,52,53.33,11,53.33,14,53.33,7,53.33,45.0,53.33,11,13.33,5,53.33,7,53.33,5,53.33,35,53.33
same3len,UVL124,2010-03-27,2013-03-27,3.0,8,53.33,59,26.67,81,53.33,NA,NA,5.0,53.33,16,53.33,27,53.33,81,53.33,14,53.33,42,53.33
same3len,UVL124,2007-03-27,2010-03-27,3.0,38,53.33,8,5.71,47,53.33,52,53.33,15.0,53.33,11,53.33,39,53.33,17,53.33,17,53.33,34,53.33
same3len,UVL124,2013-03-27,2016-03-27,3.0,44,53.33,51,26.67,24,53.33,4,53.33,125.0,53.33,13,53.33,49,17.78,NA,NA,32,17.78,32,53.33
seg,VIN140,2004-01-27,2023-09-12,19.62,171,51.43,173,51.43,52,51.43,102,51.43,187.0,51.43,61,51.43,146,51.43,52,51.43,168,51.43,33,51.43
same5len,VIN140,2014-01-27,2019-01-27,5.0,98,54,9,54,128,54,18,54,104.0,54.0,20,54.0,28,54,72,54,28,54,26,54
same5len,VIN140,2009-01-27,2014-01-27,5.0,80,54,14,54,29,54,110,54,87.0,54.0,42,54.0,85,54,33,54,66,54,33,54
same5len,VIN140,2004-01-27,2009-01-27,5.0,117,54,37,54,63,54,102,54,56.0,54.0,11,27.0,32,54,105,54,51,54,34,54
same3len,VIN140,2007-01-27,2010-01-27,3.0,34,53.33,22,53.33,56,53.33,22,53.33,14.0,53.33,36,26.67,22,53.33,30,53.33,22,53.33,8,53.33
same3len,VIN140,2013-01-27,2016-01-27,3.0,7,53.33,9,53.33,23,53.33,18,53.33,25.0,53.33,30,53.33,12,53.33,21,53.33,12,53.33,33,53.33
same3len,VIN140,2010-01-27,2013-01-27,3.0,22,53.33,14,53.33,20,53.33,49,53.33,87.0,53.33,42,26.67,4,53.33,33,53.33,18,53.33,42,53.33
same3len,VIN140,2000-01-04,2003-01-04,3.0,51,53.33,55,53.33,23,53.33,36,53.33,49.0,53.33,105,26.67,6,53.33,4,53.33,6,53.33,69,53.33
same3len,VIN140,2004-01-27,2007-01-27,3.0,19,53.33,37,53.33,48,53.33,32,53.33,28.0,53.33,24,26.67,32,53.33,11,53.33,48,53.33,28,53.33
same3len,VIN140,2019-01-27,2022-01-27,3.0,13,53.33,56,26.67,37,53.33,46,53.33,56.0,53.33,56,26.67,42,53.33,52,53.33,42,53.33,52,53.33
same3len,VIN140,2016-01-27,2019-01-27,3.0,98,53.33,9,53.33,11,53.33,53,53.33,47.0,53.33,20,53.33,28,53.33,31,53.33,28,53.33,22,53.33
seg,VOY413,2001-03-06,2006-06-27,5.31,52,48,37,12.52,19,48,85,48,129.0,57.6,37,12.52,71,48,96,48,71,41.14,105,48
same5len,VOY413,2001-03-06,2006-03-06,5.0,5,54,37,9.64,68,54,85,54,71.0,54.0,158,54.0,71,54,96,54,56,54,NA,NA
same3len,VOY413,2006-07-25,2009-07-25,3.0,26,53.33,12,53.33,9,53.33,46,53.33,98.0,53.33,15,53.33,43,53.33,NA,NA,76,13.33,55,53.33
same3len,VOY413,2010-12-07,2013-12-07,3.0,33,53.33,43,53.33,8,5.71,13,53.33,6.0,53.33,43,53.33,22,53.33,55,53.33,36,53.33,12,53.33
same3len,VOY413,2001-03-06,2004-03-06,3.0,49,53.33,71,12.31,12,40,31,53.33,31.0,53.33,27,53.33,106,53.33,40,53.33,16,53.33,102,53.33
seg,VPI120,2000-01-04,2010-07-27,10.56,37,52.36,52,52.36,26,52.36,67,52.36,20.0,52.36,52,52.36,238,52.36,82,52.36,230,52.36,102,52.36
seg,VPI120,2012-07-03,2020-07-21,8.05,NA,NA,81,54.0,103,54,51,54,21.0,54.0,73,54.0,73,54,196,54,14,54,150,54
same5len,VPI120,2000-01-04,2005-01-04,5.0,37,54,76,54,11,54,15,54,13.0,54.0,52,54.0,37,24.55,52,54,26,54,15,54
same5len,VPI120,2012-07-03,2017-07-03,5.0,5,54,55,54,103,54,51,54,14.0,54.0,42,54.0,7,27,117,54,51,54,72,54
same5len,VPI120,2005-01-04,2010-01-04,5.0,20,54,23,54,26,54,44,54,20.0,54.0,23,54.0,5,54,28,54,44,54,46,54
same3len,VPI120,2000-01-04,2003-01-04,3.0,20,53.33,46,53.33,11,11.43,15,53.33,13.0,53.33,11,53.33,24,22.86,22,53.33,15,53.33,15,14.55
same3len,VPI120,2003-01-04,2006-01-04,3.0,24,53.33,17,53.33,5,53.33,21,53.33,17.0,53.33,17,53.33,45,26.67,43,53.33,51,53.33,11,11.43
same3len,VPI120,2015-07-03,2018-07-03,3.0,57,160,12,53.33,41,6.96,45,53.33,14.0,53.33,12,53.33,28,6.96,17,53.33,28,26.67,48,53.33
same3len,VPI120,2006-01-04,2009-01-04,3.0,15,53.33,11,53.33,29,53.33,44,53.33,32.0,53.33,11,53.33,15,53.33,69,53.33,6,53.33,6,53.33
same3len,VPI120,2012-07-03,2015-07-03,3.0,5,53.33,42,53.33,23,53.33,14,53.33,14.0,53.33,42,53.33,42,26.67,21,53.33,51,53.33,6,53.33
same3len,VPI120,2020-08-04,2023-08-04,3.0,35,53.33,35,53.33,24,53.33,52,53.33,52.0,53.33,48,53.33,17,26.67,17,53.33,17,26.67,15,53.33
seg,WFM105,2018-06-12,2026-01-20,7.61,65,50,47,50.0,54,17.39,25,50,25.0,50.0,59,26.67,25,50,NA,NA,61,50,99,50
seg,WFM105,2013-05-28,2018-05-29,5.0,142,54,32,7.94,17,7.94,55,54,32.0,54.0,32,7.94,4,54,66,54,NA,NA,22,54
same5len,WFM105,2013-05-28,2018-05-28,5.0,142,54,32,7.94,17,7.94,55,54,32.0,54.0,32,7.94,4,54,66,54,NA,NA,22,54
same5len,WFM105,2018-06-12,2023-06-12,5.0,93,54,15,27,77,24.55,117,54,50.0,54.0,59,27.0,18,54,NA,NA,18,54,99,54
same3len,WFM105,2021-06-12,2024-06-12,3.0,74,53.33,13,53.33,54,53.33,61,53.33,5.0,53.33,37,26.67,25,53.33,23,53.33,38,53.33,33,53.33
same3len,WFM105,2018-06-12,2021-06-12,3.0,21,53.33,15,26.67,59,22.86,25,53.33,59.0,53.33,59,26.67,76,53.33,18,53.33,51,53.33,57,53.33
same3len,WFM105,2013-05-28,2016-05-28,3.0,54,53.33,66,8,55,8,55,53.33,55.0,53.33,66,26.67,83,53.33,NA,NA,38,26.67,22,53.33
seg,WNC429,2004-06-15,2012-10-02,8.3,84,50,70,50.0,51,50,11,50,88.0,26.47,31,50.0,4,50,91,50,NA,NA,91,50
same5len,WNC429,2004-06-15,2009-06-15,5.0,47,54,31,54,51,54,11,54,88.0,54.0,41,54.0,4,54,34,54,NA,NA,9,54
same3len,WNC429,2004-06-15,2007-06-15,3.0,29,53.33,31,53.33,16,53.33,88,53.33,11.0,53.33,31,53.33,28,53.33,13,53.33,NA,NA,91,53.33
same3len,WNC429,2007-06-15,2010-06-15,3.0,59,53.33,4,53.33,51,53.33,11,53.33,12.0,26.67,12,26.67,57,53.33,15,53.33,57,53.33,30,53.33
seg,WSP144,2000-01-04,2012-10-30,12.82,159,51.92,157,51.92,119,51.92,102,51.92,102.0,51.92,157,25.96,211,12.98,NA,NA,102,25.96,40,51.92
seg,WSP144,2012-11-06,2024-07-09,11.67,21,52.08,18,26.04,9,52.08,149,52.08,5.0,52.08,25,52.08,71,26.04,52,26.04,91,52.08,72,52.08
same5len,WSP144,2017-11-06,2022-11-06,5.0,96,54,18,27,52,54,49,54,9.0,54.0,25,54.0,31,15.88,52,54,91,54,91,18
same5len,WSP144,2012-11-06,2017-11-06,5.0,215,54,39,27,147,54,19,54,9.0,54.0,79,54.0,30,27,9,27,4,27,4,54
same5len,WSP144,2005-01-04,2010-01-04,5.0,20,54,175,54,77,54,50,54,37.0,54.0,175,27.0,20,6.43,9,27,63,27,155,54
same5len,WSP144,2000-01-04,2005-01-04,5.0,107,54,50,54,112,54,100,54,15.0,54.0,72,27.0,124,12.86,NA,NA,49,54,51,54
same3len,WSP144,2018-11-06,2021-11-06,3.0,63,53.33,39,26.67,20,53.33,60,53.33,9.0,53.33,62,53.33,40,40,19,53.33,75,53.33,49,17.78
same3len,WSP144,2003-01-04,2006-01-04,3.0,67,53.33,83,53.33,52,53.33,25,53.33,57.0,53.33,43,26.67,15,7.27,NA,NA,NA,NA,45,53.33
same3len,WSP144,2000-01-04,2003-01-04,3.0,52,53.33,50,53.33,22,53.33,41,53.33,22.0,53.33,28,26.67,4,8.89,NA,NA,24,53.33,51,14.55
same3len,WSP144,2009-01-04,2012-01-04,3.0,28,53.33,35,53.33,57,53.33,48,53.33,52.0,53.33,76,26.67,17,80,27,53.33,52,26.67,NA,NA
same3len,WSP144,2012-11-06,2015-11-06,3.0,78,53.33,11,26.67,62,53.33,21,53.33,9.0,53.33,18,53.33,59,26.67,52,26.67,4,26.67,76,53.33
same3len,WSP144,2015-11-06,2018-11-06,3.0,21,53.33,30,26.67,47,53.33,8,53.33,5.0,53.33,68,53.33,71,4.32,43,26.67,32,53.33,23,32
same3len,WSP144,2006-01-04,2009-01-04,3.0,18,53.33,23,53.33,54,53.33,37,53.33,32.0,53.33,18,26.67,20,6.4,52,26.67,55,9.41,55,53.33
seg,WST109,2003-10-14,2015-03-10,11.4,6,54.55,23,50.0,17,50,NA,NA,74.0,54.55,100,50.0,117,50,84,50,NA,NA,NA,NA
same5len,WST109,2003-10-14,2008-10-14,5.0,34,54,23,54,37,54,NA,NA,21.0,54.0,23,54.0,47,54,123,54,NA,NA,103,54
same5len,WST109,2008-10-14,2013-10-14,5.0,8,54,76,16.88,76,54,NA,NA,26.0,54.0,76,16.88,28,54,31,54,NA,NA,NA,NA
same3len,WST109,2000-01-04,2003-01-04,3.0,76,53.33,22,53.33,22,53.33,19,53.33,22.0,53.33,37,53.33,67,53.33,39,53.33,90,53.33,NA,NA
same3len,WST109,2003-10-14,2006-10-14,3.0,6,53.33,23,53.33,34,53.33,NA,NA,21.0,53.33,23,53.33,54,26.67,10,53.33,NA,NA,20,53.33
same3len,WST109,2009-10-14,2012-10-14,3.0,8,53.33,17,26.67,17,53.33,NA,NA,54.0,53.33,17,26.67,59,53.33,10,53.33,55,53.33,NA,NA
same3len,WST109,2006-10-14,2009-10-14,3.0,52,53.33,78,26.67,21,53.33,NA,NA,21.0,53.33,34,14.55,83,53.33,12,53.33,17,53.33,25,53.33
same3len,YEL408,2011-03-01,2014-03-01,3.0,46,53.33,4,53.33,51,53.33,103,8.42,25.0,53.33,55,53.33,28,53.33,12,53.33,28,53.33,28,53.33
same3len,YEL408,2006-08-08,2009-08-08,3.0,18,26.67,77,53.33,33,53.33,99,53.33,33.0,53.33,59,53.33,42,53.33,42,53.33,NA,NA,10,53.33
same3len,YEL408,2019-01-29,2022-01-29,3.0,7,26.67,7,53.33,46,53.33,17,26.67,25.0,53.33,16,53.33,21,53.33,25,53.33,25,53.33,68,53.33
same3len,YEL408,2000-01-04,2003-01-04,3.0,5,6.96,26,53.33,52,53.33,32,26.67,44.0,53.33,26,26.67,NA,NA,13,53.33,NA,NA,23,53.33
seg,YOS404,2000-01-04,2008-07-22,8.55,NA,NA,61,50.0,7,50,7,50,7.0,50.0,7,50.0,54,50,16,50,NA,NA,5,50
same5len,YOS404,2000-01-04,2005-01-04,5.0,NA,NA,40,54,23,54,84,54,62.0,54.0,58,54.0,50,54,50,54,NA,NA,5,54
same3len,YOS404,2000-01-04,2003-01-04,3.0,50,53.33,11,53.33,23,53.33,62,53.33,40.0,53.33,106,53.33,25,53.33,39,53.33,NA,NA,107,53.33
same3len,YOS404,2019-01-22,2022-01-22,3.0,NA,NA,28,53.33,6,53.33,NA,NA,59.0,53.33,59,53.33,18,53.33,18,53.33,6,53.33,11,53.33
same3len,YOS404,2003-01-04,2006-01-04,3.0,49,53.33,48,53.33,34,53.33,9,53.33,9.0,53.33,69,53.33,NA,NA,26,53.33,NA,NA,5,53.33
same3len,YOS404,2011-03-22,2014-03-22,3.0,6,53.33,6,53.33,34,53.33,73,53.33,5.0,53.33,101,53.33,18,53.33,9,53.33,6,53.33,85,53.33
